Lewis Carroll|Alice’s Adventures in Wonderland|/ebooks/lewis-carroll/alices-adventures-in-wonderland/john-tenniel
Jane Austen|Pride and Prejudice|/ebooks/jane-austen/pride-and-prejudice
Alfred, Lord Tennyson|Idylls of the King|/ebooks/alfred-lord-tennyson/idylls-of-the-king
Rudolph Erich Raspe|The Surprising Adventures of Baron Munchausen|/ebooks/rudolph-erich-raspe/the-surprising-adventures-of-baron-munchausen
William Wordsworth|Lyrical Ballads|/ebooks/william-wordsworth_samuel-taylor-coleridge/lyrical-ballads
Jack London|The Call of the Wild|/ebooks/jack-london/the-call-of-the-wild
Jack London|White Fang|/ebooks/jack-london/white-fang
W. W. Jacobs|The Lady of the Barge|/ebooks/w-w-jacobs/the-lady-of-the-barge
Oscar Wilde|The Importance of Being Earnest|/ebooks/oscar-wilde/the-importance-of-being-earnest
Oscar Wilde|The Picture of Dorian Gray|/ebooks/oscar-wilde/the-picture-of-dorian-gray
Henry James|The Turn of the Screw|/ebooks/henry-james/the-turn-of-the-screw
Lord Dunsany|The Book of Wonder|/ebooks/lord-dunsany/the-book-of-wonder/sidney-h-sime
Marcus Aurelius|Meditations|/ebooks/marcus-aurelius/meditations/george-long
Apsley Cherry-Garrard|The Worst Journey in the World|/ebooks/apsley-cherry-garrard/the-worst-journey-in-the-world
H. G. Wells|The Time Machine|/ebooks/h-g-wells/the-time-machine
Upton Sinclair|The Jungle|/ebooks/upton-sinclair/the-jungle
Laozi|Tao Te Ching|/ebooks/laozi/tao-te-ching/james-legge
Voltaire|Candide|/ebooks/voltaire/candide/the-modern-library
Thomas De Quincey|Confessions of an English Opium-Eater|/ebooks/thomas-de-quincey/confessions-of-an-english-opium-eater
Bram Stoker|Dracula|/ebooks/bram-stoker/dracula
Niccolò Machiavelli|The Prince|/ebooks/niccolo-machiavelli/the-prince/w-k-marriott
Henry David Thoreau|Walden|/ebooks/henry-david-thoreau/walden
Joseph Conrad|Heart of Darkness|/ebooks/joseph-conrad/heart-of-darkness
Anton Chekhov|Short Fiction|/ebooks/anton-chekhov/short-fiction/constance-garnett
James Joyce|Dubliners|/ebooks/james-joyce/dubliners
Edgar Allan Poe|The Narrative of Arthur Gordon Pym of Nantucket|/ebooks/edgar-allan-poe/the-narrative-of-arthur-gordon-pym-of-nantucket
Agatha Christie|The Mysterious Affair at Styles|/ebooks/agatha-christie/the-mysterious-affair-at-styles
Friedrich Nietzsche|Beyond Good and Evil|/ebooks/friedrich-nietzsche/beyond-good-and-evil/helen-zimmern
Robert Frost|North of Boston|/ebooks/robert-frost/north-of-boston
Omar Khayyám|The Rubáiyát of Omar Khayyám|/ebooks/omar-khayyam/the-rubaiyat-of-omar-khayyam/edward-fitzgerald
Edgar Rice Burroughs|A Princess of Mars|/ebooks/edgar-rice-burroughs/a-princess-of-mars
Jules Verne|Around the World in Eighty Days|/ebooks/jules-verne/around-the-world-in-eighty-days/george-makepeace-towle
Robert Louis Stevenson|Treasure Island|/ebooks/robert-louis-stevenson/treasure-island
Robert Louis Stevenson|The Strange Case of Dr. Jekyll and Mr. Hyde|/ebooks/robert-louis-stevenson/the-strange-case-of-dr-jekyll-and-mr-hyde
Mary Shelley|Frankenstein|/ebooks/mary-shelley/frankenstein
Mark Twain|The Adventures of Huckleberry Finn|/ebooks/mark-twain/the-adventures-of-huckleberry-finn
Stanley G. Weinbaum|Short Fiction|/ebooks/stanley-g-weinbaum/short-fiction
Hermann Hesse|Siddhartha|/ebooks/hermann-hesse/siddhartha/gunther-olesch_anke-dreher_amy-coulter_stefan-langer_semyon-chaichenets
Charles Dickens|David Copperfield|/ebooks/charles-dickens/david-copperfield
Arthur Conan Doyle|The Lost World|/ebooks/arthur-conan-doyle/the-lost-world
Mark Twain|A Connecticut Yankee in King Arthur’s Court|/ebooks/mark-twain/a-connecticut-yankee-in-king-arthurs-court
Anton Chekhov|The Duel|/ebooks/anton-chekhov/the-duel/constance-garnett
Arthur Machen|Short Fiction|/ebooks/arthur-machen/short-fiction
Kenneth Grahame|The Wind in the Willows|/ebooks/kenneth-grahame/the-wind-in-the-willows
Lord Dunsany|The Gods of Pegāna|/ebooks/lord-dunsany/the-gods-of-pegana
Fritz Leiber|The Big Time|/ebooks/fritz-leiber/the-big-time
Algis Budrys|Short Fiction|/ebooks/algis-budrys/short-fiction
Leo Tolstoy|A Confession|/ebooks/leo-tolstoy/a-confession/aylmer-maude
Philip K. Dick|Short Fiction|/ebooks/philip-k-dick/short-fiction
G. K. Chesterton|The Man Who Was Thursday|/ebooks/g-k-chesterton/the-man-who-was-thursday
James Fenimore Cooper|The Last of the Mohicans|/ebooks/james-fenimore-cooper/the-last-of-the-mohicans
Gustave Flaubert|Madame Bovary|/ebooks/gustave-flaubert/madame-bovary/eleanor-marx-aveling
P. G. Wodehouse|Right Ho, Jeeves|/ebooks/p-g-wodehouse/right-ho-jeeves
H. Beam Piper|Space Viking|/ebooks/h-beam-piper/space-viking
Miguel de Cervantes Saavedra|Don Quixote|/ebooks/miguel-de-cervantes-saavedra/don-quixote/john-ormsby
Jerome K. Jerome|Three Men in a Boat|/ebooks/jerome-k-jerome/three-men-in-a-boat
William Makepeace Thackeray|The Luck of Barry Lyndon|/ebooks/william-makepeace-thackeray/the-luck-of-barry-lyndon
H. G. Wells|The War of the Worlds|/ebooks/h-g-wells/the-war-of-the-worlds
G. K. Chesterton|The Innocence of Father Brown|/ebooks/g-k-chesterton/the-innocence-of-father-brown
Louisa May Alcott|Little Women|/ebooks/louisa-may-alcott/little-women
Samuel Johnson|The History of Rasselas, Prince of Abyssinia|/ebooks/samuel-johnson/the-history-of-rasselas-prince-of-abyssinia
P. T. Barnum|The Art of Money Getting|/ebooks/p-t-barnum/the-art-of-money-getting
Rudyard Kipling|The Jungle Book|/ebooks/rudyard-kipling/the-jungle-book
Honoré de Balzac|Father Goriot|/ebooks/honore-de-balzac/father-goriot/ellen-marriage
Sax Rohmer|The Insidious Dr. Fu-Manchu|/ebooks/sax-rohmer/the-insidious-dr-fu-manchu
Seneca|Dialogues|/ebooks/seneca/dialogues/aubrey-stewart
Elizabeth Gaskell|Cranford|/ebooks/elizabeth-gaskell/cranford
Jules Verne|The Mysterious Island|/ebooks/jules-verne/the-mysterious-island/stephen-w-white
Daniel Defoe|A Journal of the Plague Year|/ebooks/daniel-defoe/a-journal-of-the-plague-year
Frances Hodgson Burnett|The Secret Garden|/ebooks/frances-hodgson-burnett/the-secret-garden
Émile Zola|His Masterpiece|/ebooks/emile-zola/his-masterpiece/ernest-alfred-vizetelly
A. Merritt|The Moon Pool|/ebooks/a-merritt/the-moon-pool
Thomas De Quincey|Suspiria de Profundis|/ebooks/thomas-de-quincey/suspiria-de-profundis
Leo Tolstoy|The Kingdom of God Is Within You|/ebooks/leo-tolstoy/the-kingdom-of-god-is-within-you/leo-wiener
Benjamin Franklin|The Autobiography of Benjamin Franklin|/ebooks/benjamin-franklin/the-autobiography-of-benjamin-franklin
William Wollaston|The Religion of Nature Delineated|/ebooks/william-wollaston/the-religion-of-nature-delineated
David Lindsay|A Voyage to Arcturus|/ebooks/david-lindsay/a-voyage-to-arcturus
William Hope Hodgson|The House on the Borderland|/ebooks/william-hope-hodgson/the-house-on-the-borderland
William Morris|The Wood Beyond the World|/ebooks/william-morris/the-wood-beyond-the-world
Robert W. Chambers|The King in Yellow|/ebooks/robert-w-chambers/the-king-in-yellow
Joseph Conrad|The Secret Agent|/ebooks/joseph-conrad/the-secret-agent
C. J. Cutcliffe Hyne|The Lost Continent|/ebooks/c-j-cutcliffe-hyne/the-lost-continent
G. K. Chesterton|The Napoleon of Notting Hill|/ebooks/g-k-chesterton/the-napoleon-of-notting-hill
George MacDonald|The Princess and the Goblin|/ebooks/george-macdonald/the-princess-and-the-goblin
F. Marion Crawford|Khaled|/ebooks/f-marion-crawford/khaled
William Hazlitt|Table-Talk|/ebooks/william-hazlitt/table-talk
Horace Walpole|The Castle of Otranto|/ebooks/horace-walpole/the-castle-of-otranto
Agatha Christie|The Secret Adversary|/ebooks/agatha-christie/the-secret-adversary
George Meredith|The Shaving of Shagpat|/ebooks/george-meredith/the-shaving-of-shagpat
Philip Francis Nowlan|Armageddon 2419 A.D.|/ebooks/philip-francis-nowlan/armageddon-2419-a-d
Ethel Voynich|The Gadfly|/ebooks/ethel-voynich/the-gadfly
John Stuart Mill|On Liberty|/ebooks/john-stuart-mill/on-liberty
Francisco de Quevedo|Pablo de Segovia, the Spanish Sharper|/ebooks/francisco-de-quevedo/pablo-de-segovia-the-spanish-sharper/pedro-pineda
James De Mille|A Strange Manuscript Found in a Copper Cylinder|/ebooks/james-de-mille/a-strange-manuscript-found-in-a-copper-cylinder
Max Beerbohm|Zuleika Dobson|/ebooks/max-beerbohm/zuleika-dobson
D. H. Lawrence|Sons and Lovers|/ebooks/d-h-lawrence/sons-and-lovers
Nikolai Gogol|Dead Souls|/ebooks/nikolai-gogol/dead-souls/c-j-hogarth
E. M. Forster|A Room With a View|/ebooks/e-m-forster/a-room-with-a-view
Thomas Carlyle|Sartor Resartus|/ebooks/thomas-carlyle/sartor-resartus
Rafael Sabatini|Scaramouche|/ebooks/rafael-sabatini/scaramouche
Booth Tarkington|The Magnificent Ambersons|/ebooks/booth-tarkington/the-magnificent-ambersons
Rabindranath Tagore|Gitanjali|/ebooks/rabindranath-tagore/gitanjali
Jack London|Lost Face|/ebooks/jack-london/lost-face
Selma Lagerlöf|The Wonderful Adventures of Nils|/ebooks/selma-lagerlof/the-wonderful-adventures-of-nils/velma-swanston-howard
H. Beam Piper|The Cosmic Computer|/ebooks/h-beam-piper/the-cosmic-computer
August Strindberg|The Red Room|/ebooks/august-strindberg/the-red-room/ellie-schleussner
Erskine Childers|The Riddle of the Sands|/ebooks/erskine-childers/the-riddle-of-the-sands
J. W. von Goethe|The Sorrows of Young Werther|/ebooks/j-w-von-goethe/the-sorrows-of-young-werther/r-d-boylan
H. Beam Piper|Little Fuzzy|/ebooks/h-beam-piper/little-fuzzy
E. T. A. Hoffmann|Master Flea|/ebooks/e-t-a-hoffmann/master-flea/george-soane
William Makepeace Thackeray|Vanity Fair|/ebooks/william-makepeace-thackeray/vanity-fair
Wilkie Collins|No Name|/ebooks/wilkie-collins/no-name
Fyodor Dostoevsky|Crime and Punishment|/ebooks/fyodor-dostoevsky/crime-and-punishment/constance-garnett
G. K. Chesterton|The Wisdom of Father Brown|/ebooks/g-k-chesterton/the-wisdom-of-father-brown
Wilkie Collins|The Woman in White|/ebooks/wilkie-collins/the-woman-in-white
T. S. Eliot|Poetry|/ebooks/t-s-eliot/poetry
Booth Tarkington|Alice Adams|/ebooks/booth-tarkington/alice-adams
P. G. Wodehouse|Something New|/ebooks/p-g-wodehouse/something-new
H. G. Wells|The Invisible Man|/ebooks/h-g-wells/the-invisible-man
George Eliot|Silas Marner|/ebooks/george-eliot/silas-marner
Karl Marx|The Communist Manifesto|/ebooks/karl-marx_friedrich-engels/the-communist-manifesto/samuel-moore
H. G. Wells|The Island of Doctor Moreau|/ebooks/h-g-wells/the-island-of-doctor-moreau
Rudyard Kipling|Kim|/ebooks/rudyard-kipling/kim
John Keats|Poetry|/ebooks/john-keats/poetry
Freeman Wills Crofts|The Pit-Prop Syndicate|/ebooks/freeman-wills-crofts/the-pit-prop-syndicate
Lewis Carroll|Through the Looking-Glass|/ebooks/lewis-carroll/through-the-looking-glass/john-tenniel
Christopher Morley|Parnassus on Wheels|/ebooks/christopher-morley/parnassus-on-wheels
Charles Dickens|Bleak House|/ebooks/charles-dickens/bleak-house
Rafael Sabatini|Captain Blood|/ebooks/rafael-sabatini/captain-blood
J. M. Barrie|Peter and Wendy|/ebooks/j-m-barrie/peter-and-wendy
Max Beerbohm|The Works of Max Beerbohm|/ebooks/max-beerbohm/the-works-of-max-beerbohm
Wilkie Collins|The Moonstone|/ebooks/wilkie-collins/the-moonstone
Elizabeth Barrett Browning|Sonnets from the Portuguese|/ebooks/elizabeth-barrett-browning/sonnets-from-the-portuguese
J. Sheridan Le Fanu|Uncle Silas|/ebooks/j-sheridan-le-fanu/uncle-silas
Daniel Defoe|The Life and Adventures of Robinson Crusoe|/ebooks/daniel-defoe/the-life-and-adventures-of-robinson-crusoe
P. G. Wodehouse|Love Among the Chickens|/ebooks/p-g-wodehouse/love-among-the-chickens
Nikolai Gogol|Short Fiction|/ebooks/nikolai-gogol/short-fiction/claud-field_isabel-f-hapgood_vizetelly-and-company_george-tolstoy
Thomas Love Peacock|Nightmare Abbey|/ebooks/thomas-love-peacock/nightmare-abbey
F. Scott Fitzgerald|This Side of Paradise|/ebooks/f-scott-fitzgerald/this-side-of-paradise
Arthur Conan Doyle|The Hound of the Baskervilles|/ebooks/arthur-conan-doyle/the-hound-of-the-baskervilles
J. Sheridan Le Fanu|In a Glass Darkly|/ebooks/j-sheridan-le-fanu/in-a-glass-darkly
John Buchan|The Thirty-Nine Steps|/ebooks/john-buchan/the-thirty-nine-steps
Edwin A. Abbott|Flatland|/ebooks/edwin-a-abbott/flatland
George MacDonald|Phantastes|/ebooks/george-macdonald/phantastes
Vsevolod Garshin|Short Fiction|/ebooks/vsevolod-garshin/short-fiction/rowland-smith
Anthony Trollope|The Warden|/ebooks/anthony-trollope/the-warden
Anthony Trollope|Barchester Towers|/ebooks/anthony-trollope/barchester-towers
Washington Irving|The Sketch-Book of Geoffrey Crayon, Gent.|/ebooks/washington-irving/the-sketch-book-of-geoffrey-crayon-gent
Gertrude Stein|Three Lives|/ebooks/gertrude-stein/three-lives
August Strindberg|The Inferno|/ebooks/august-strindberg/the-inferno/claud-field
Jane Austen|Emma|/ebooks/jane-austen/emma
Selma Lagerlöf|The Story of Gösta Berling|/ebooks/selma-lagerlof/the-story-of-gosta-berling/pauline-bancroft-flach
E. Pauline Johnson|Legends of Vancouver|/ebooks/e-pauline-johnson/legends-of-vancouver
Herman Melville|Moby Dick|/ebooks/herman-melville/moby-dick
Maurice Leblanc|The Extraordinary Adventures of Arsène Lupin, Gentleman-Burglar|/ebooks/maurice-leblanc/the-extraordinary-adventures-of-arsene-lupin-gentleman-burglar/george-morehead
Rudyard Kipling|Just So Stories|/ebooks/rudyard-kipling/just-so-stories
W. Somerset Maugham|Of Human Bondage|/ebooks/w-somerset-maugham/of-human-bondage
E. Nesbit|The Enchanted Castle|/ebooks/e-nesbit/the-enchanted-castle
Khalil Gibran|The Madman|/ebooks/khalil-gibran/the-madman
H. P. Lovecraft|Short Fiction|/ebooks/h-p-lovecraft/short-fiction
Arthur Conan Doyle|A Study in Scarlet|/ebooks/arthur-conan-doyle/a-study-in-scarlet
Maurice Leblanc|Arsène Lupin Versus Herlock Sholmes|/ebooks/maurice-leblanc/arsene-lupin-versus-herlock-sholmes/george-morehead
Arthur Conan Doyle|The Sign of the Four|/ebooks/arthur-conan-doyle/the-sign-of-the-four
Robert E. Howard|Short Fiction|/ebooks/robert-e-howard/short-fiction
Charles Dickens|A Christmas Carol|/ebooks/charles-dickens/a-christmas-carol
Khalil Gibran|The Forerunner|/ebooks/khalil-gibran/the-forerunner
Jack London|When God Laughs|/ebooks/jack-london/when-god-laughs
E. Phillips Oppenheim|The Great Impersonation|/ebooks/e-phillips-oppenheim/the-great-impersonation
Robert Louis Stevenson|Kidnapped|/ebooks/robert-louis-stevenson/kidnapped
Joseph Conrad|Nostromo|/ebooks/joseph-conrad/nostromo
H. Rider Haggard|King Solomon’s Mines|/ebooks/h-rider-haggard/king-solomons-mines
Maurice Leblanc|The Hollow Needle|/ebooks/maurice-leblanc/the-hollow-needle/alexander-teixeira-de-mattos
Christopher Morley|The Haunted Bookshop|/ebooks/christopher-morley/the-haunted-bookshop
H. G. Wells|The History of Mr. Polly|/ebooks/h-g-wells/the-history-of-mr-polly
Walter Scott|Ivanhoe|/ebooks/walter-scott/ivanhoe
H. G. Wells|The Wonderful Visit|/ebooks/h-g-wells/the-wonderful-visit
Arthur Conan Doyle|The Adventures of Sherlock Holmes|/ebooks/arthur-conan-doyle/the-adventures-of-sherlock-holmes
Alexandre Dumas|The Black Tulip|/ebooks/alexandre-dumas/the-black-tulip/p-f-collier-and-son
E. Nesbit|The Railway Children|/ebooks/e-nesbit/the-railway-children
Wilfred Owen|Poetry|/ebooks/wilfred-owen/poetry
Auguste Comte|A General View of Positivism|/ebooks/auguste-comte/a-general-view-of-positivism/j-h-bridges
Arthur Conan Doyle|The Memoirs of Sherlock Holmes|/ebooks/arthur-conan-doyle/the-memoirs-of-sherlock-holmes
J. M. Barrie|The Little White Bird|/ebooks/j-m-barrie/the-little-white-bird
Thomas Hardy|The Woodlanders|/ebooks/thomas-hardy/the-woodlanders
Kate Chopin|The Awakening|/ebooks/kate-chopin/the-awakening
Maurice Leblanc|813|/ebooks/maurice-leblanc/813/alexander-teixeira-de-mattos
Emily Brontë|Wuthering Heights|/ebooks/emily-bronte/wuthering-heights
Ulysses S. Grant|Personal Memoirs of Ulysses S. Grant|/ebooks/ulysses-s-grant/personal-memoirs-of-ulysses-s-grant
Aesop|Fables|/ebooks/aesop/fables/v-s-vernon-jones
Arnold Bennett|The Grand Babylon Hotel|/ebooks/arnold-bennett/the-grand-babylon-hotel
H. G. Wells|Kipps|/ebooks/h-g-wells/kipps
Edith Wharton|The House of Mirth|/ebooks/edith-wharton/the-house-of-mirth
Arthur Conan Doyle|The Return of Sherlock Holmes|/ebooks/arthur-conan-doyle/the-return-of-sherlock-holmes
Maurice Leblanc|The Crystal Stopper|/ebooks/maurice-leblanc/the-crystal-stopper/alexander-teixeira-de-mattos
Mark Twain|The Prince and the Pauper|/ebooks/mark-twain/the-prince-and-the-pauper
Fyodor Sologub|The Little Demon|/ebooks/fyodor-sologub/the-little-demon/john-cournos_richard-aldington
Benjamin Disraeli|Sybil|/ebooks/benjamin-disraeli/sybil
Camille Flammarion|Omega|/ebooks/camille-flammarion/omega/j-b-walker
Lytton Strachey|Eminent Victorians|/ebooks/lytton-strachey/eminent-victorians
Arthur Conan Doyle|His Last Bow|/ebooks/arthur-conan-doyle/his-last-bow
Andre Norton|Voodoo Planet|/ebooks/andre-norton/voodoo-planet
Grazia Deledda|After the Divorce|/ebooks/grazia-deledda/after-the-divorce/maria-hornor-lansdale
Charles Dickens|Hard Times|/ebooks/charles-dickens/hard-times
Andre Norton|Star Hunter|/ebooks/andre-norton/star-hunter
Virginia Woolf|The Voyage Out|/ebooks/virginia-woolf/the-voyage-out
P. T. Barnum|Struggles and Triumphs|/ebooks/p-t-barnum/struggles-and-triumphs
Ford Madox Ford|The Good Soldier|/ebooks/ford-madox-ford/the-good-soldier
Philip Francis Nowlan|The Airlords of Han|/ebooks/philip-francis-nowlan/the-airlords-of-han
Aristotle|Nicomachean Ethics|/ebooks/aristotle/nicomachean-ethics/f-h-peters
Jane Austen|Persuasion|/ebooks/jane-austen/persuasion
L. Frank Baum|The Wonderful Wizard of Oz|/ebooks/l-frank-baum/the-wonderful-wizard-of-oz
Baroness Orczy|The Scarlet Pimpernel|/ebooks/baroness-orczy/the-scarlet-pimpernel
Anthony Hope|The Prisoner of Zenda|/ebooks/anthony-hope/the-prisoner-of-zenda
John Meade Falkner|Moonfleet|/ebooks/john-meade-falkner/moonfleet
Fyodor Sologub|The Created Legend|/ebooks/fyodor-sologub/the-created-legend/john-cournos
Maurice Leblanc|The Confessions of Arsène Lupin|/ebooks/maurice-leblanc/the-confessions-of-arsene-lupin/alexander-teixeira-de-mattos
Thomas Hardy|Tess of the d’Urbervilles|/ebooks/thomas-hardy/tess-of-the-durbervilles
Jack London|The Son of the Wolf|/ebooks/jack-london/the-son-of-the-wolf
Stephen Crane|The Red Badge of Courage|/ebooks/stephen-crane/the-red-badge-of-courage
Charles Darwin|The Origin of Species|/ebooks/charles-darwin/the-origin-of-species
Ernest Shackleton|South!|/ebooks/ernest-shackleton/south
P. G. Wodehouse|Psmith in the City|/ebooks/p-g-wodehouse/psmith-in-the-city
Carey Rockwell|Stand by for Mars!|/ebooks/carey-rockwell/stand-by-for-mars
Okakura Kakuzō|The Book of Tea|/ebooks/okakura-kakuzo/the-book-of-tea
Wilkie Collins|Man and Wife|/ebooks/wilkie-collins/man-and-wife
George Bernard Shaw|Major Barbara|/ebooks/george-bernard-shaw/major-barbara
Ludwig Wittgenstein|Tractatus Logico-Philosophicus|/ebooks/ludwig-wittgenstein/tractatus-logico-philosophicus/c-k-ogden
Fyodor Dostoevsky|The Brothers Karamazov|/ebooks/fyodor-dostoevsky/the-brothers-karamazov/constance-garnett
Agatha Christie|The Murder on the Links|/ebooks/agatha-christie/the-murder-on-the-links
Luigi Pirandello|Six Characters in Search of an Author|/ebooks/luigi-pirandello/six-characters-in-search-of-an-author/edward-storer
Fyodor Dostoevsky|Notes from Underground|/ebooks/fyodor-dostoevsky/notes-from-underground/constance-garnett
H. G. Wells|Short Fiction|/ebooks/h-g-wells/short-fiction
Maurice Leblanc|The Golden Triangle|/ebooks/maurice-leblanc/the-golden-triangle/alexander-teixeira-de-mattos
Tom Taylor|Our American Cousin|/ebooks/tom-taylor/our-american-cousin
Fergus Hume|The Mystery of a Hansom Cab|/ebooks/fergus-hume/the-mystery-of-a-hansom-cab
Thomas Hardy|Far from the Madding Crowd|/ebooks/thomas-hardy/far-from-the-madding-crowd
George Bernard Shaw|Pygmalion|/ebooks/george-bernard-shaw/pygmalion
Charles W. Chesnutt|The Conjure Woman|/ebooks/charles-w-chesnutt/the-conjure-woman
John Buchan|Greenmantle|/ebooks/john-buchan/greenmantle
Henrik Ibsen|Ghosts|/ebooks/henrik-ibsen/ghosts/william-archer
Gustave Flaubert|Short Fiction|/ebooks/gustave-flaubert/short-fiction/m-walter-dunne
Ivan Bunin|Short Fiction|/ebooks/ivan-bunin/short-fiction/s-s-koteliansky_d-h-lawrence_leonard-woolf_bernard-guilbert-guerney_the-russian-review_natalie-a-duddington
Arthur W. Pinero|The Second Mrs. Tanqueray|/ebooks/arthur-w-pinero/the-second-mrs-tanqueray
G. K. Chesterton|The Club of Queer Trades|/ebooks/g-k-chesterton/the-club-of-queer-trades
Ivan Turgenev|Fathers and Children|/ebooks/ivan-turgenev/fathers-and-children/constance-garnett
Christopher Marlowe|The Tragical History of Doctor Faustus|/ebooks/christopher-marlowe/the-tragical-history-of-doctor-faustus
Willa Cather|My Ántonia|/ebooks/willa-cather/my-antonia
Maurice Leblanc|The Secret of Sarek|/ebooks/maurice-leblanc/the-secret-of-sarek/alexander-teixeira-de-mattos
Daisy Ashford|The Young Visiters|/ebooks/daisy-ashford/the-young-visiters
Ben Jonson|The Alchemist|/ebooks/ben-jonson/the-alchemist
Maurice Leblanc|The Teeth of the Tiger|/ebooks/maurice-leblanc/the-teeth-of-the-tiger/alexander-teixeira-de-mattos
Miles Franklin|My Brilliant Career|/ebooks/miles-franklin/my-brilliant-career
Julius Caesar|Commentaries on the Gallic War|/ebooks/julius-caesar/commentaries-on-the-gallic-war/w-a-mcdevitte_w-s-bohn
Maurice Leblanc|The Eight Strokes of the Clock|/ebooks/maurice-leblanc/the-eight-strokes-of-the-clock/alexander-teixeira-de-mattos
J. S. Fletcher|Scarhaven Keep|/ebooks/j-s-fletcher/scarhaven-keep
Joseph Furphy|Such Is Life|/ebooks/joseph-furphy/such-is-life
Roswitha of Gandersheim|Plays|/ebooks/roswitha-of-gandersheim/plays/christopher-st-john
Kate Chopin|Short Fiction|/ebooks/kate-chopin/short-fiction
W. Somerset Maugham|The Moon and Sixpence|/ebooks/w-somerset-maugham/the-moon-and-sixpence
Edith Wharton|Ethan Frome|/ebooks/edith-wharton/ethan-frome
Anthony Trollope|The Way We Live Now|/ebooks/anthony-trollope/the-way-we-live-now
Stephen Leacock|Sunshine Sketches of a Little Town|/ebooks/stephen-leacock/sunshine-sketches-of-a-little-town
Dorothy L. Sayers|Whose Body?|/ebooks/dorothy-l-sayers/whose-body
Ernest Bramah|Kai Lung’s Golden Hours|/ebooks/ernest-bramah/kai-lungs-golden-hours
Robert W. Service|Songs of a Sourdough|/ebooks/robert-w-service/songs-of-a-sourdough
Émile Gaboriau|The Lerouge Case|/ebooks/emile-gaboriau/the-lerouge-case/vizetelly-and-company
Émile Gaboriau|The Mystery of Orcival|/ebooks/emile-gaboriau/the-mystery-of-orcival/holt-williams
Thomas Bulfinch|Bulfinch’s Mythology|/ebooks/thomas-bulfinch/bulfinchs-mythology
Bertrand Russell|The Problems of Philosophy|/ebooks/bertrand-russell/the-problems-of-philosophy
Khalil Gibran|The Prophet|/ebooks/khalil-gibran/the-prophet
Mack Reynolds|Short Fiction|/ebooks/mack-reynolds/short-fiction
Émile Gaboriau|File No. 113|/ebooks/emile-gaboriau/file-no-113/james-r-osgood-co
Charles Babbage|Passages from the Life of a Philosopher|/ebooks/charles-babbage/passages-from-the-life-of-a-philosopher
Émile Gaboriau|Monsieur Lecoq|/ebooks/emile-gaboriau/monsieur-lecoq/laura-e-kendall
Guy Boothby|A Bid for Fortune|/ebooks/guy-boothby/a-bid-for-fortune
Émile Gaboriau|The Slaves of Paris|/ebooks/emile-gaboriau/the-slaves-of-paris/charles-scribners-sons
Maurice Leblanc|The Secret Tomb|/ebooks/maurice-leblanc/the-secret-tomb/alexander-teixeira-de-mattos
Aleksandr Kuprin|The Duel|/ebooks/aleksandr-kuprin/the-duel/george-allen-unwin
William Shakespeare|The Merry Wives of Windsor|/ebooks/william-shakespeare/the-merry-wives-of-windsor
Charles Dickens|A Tale of Two Cities|/ebooks/charles-dickens/a-tale-of-two-cities
Victor Hugo|Les Misérables|/ebooks/victor-hugo/les-miserables/isabel-f-hapgood
William Shakespeare|Henry V|/ebooks/william-shakespeare/henry-v
J. S. Fletcher|The Charing Cross Mystery|/ebooks/j-s-fletcher/the-charing-cross-mystery
Samuel Pepys|The Diary|/ebooks/samuel-pepys/the-diary
Henry Lawson|While the Billy Boils|/ebooks/henry-lawson/while-the-billy-boils
John Milton|Paradise Lost|/ebooks/john-milton/paradise-lost
Sax Rohmer|Brood of the Witch-Queen|/ebooks/sax-rohmer/brood-of-the-witch-queen
William Carlos Williams|Poetry|/ebooks/william-carlos-williams/poetry
John Buchan|Mr. Standfast|/ebooks/john-buchan/mr-standfast
P. G. Wodehouse|Jeeves Stories|/ebooks/p-g-wodehouse/jeeves-stories
Arthur Conan Doyle|The Valley of Fear|/ebooks/arthur-conan-doyle/the-valley-of-fear
Booker T. Washington|Up from Slavery|/ebooks/booker-t-washington/up-from-slavery
John Reed|Ten Days That Shook the World|/ebooks/john-reed/ten-days-that-shook-the-world
Victor Hugo|Notre-Dame de Paris|/ebooks/victor-hugo/notre-dame-de-paris/isabel-f-hapgood
Mark Twain|The Adventures of Tom Sawyer|/ebooks/mark-twain/the-adventures-of-tom-sawyer
Jane Austen|Sense and Sensibility|/ebooks/jane-austen/sense-and-sensibility
Leonid Andreyev|Short Fiction|/ebooks/leonid-andreyev/short-fiction/herman-bernstein_alexandra-linden_l-a-magnus_k-walter_w-h-lowe_the-russian-review_archibald-j-wolfe_john-cournos_r-s-townsend_maurice-magnus
Jonathan Swift|Gulliver’s Travels|/ebooks/jonathan-swift/gullivers-travels
Suetonius|The Lives of the Caesars|/ebooks/suetonius/the-lives-of-the-caesars/j-c-rolfe
Henry James|The Golden Bowl|/ebooks/henry-james/the-golden-bowl
Stanley G. Weinbaum|The Dark Other|/ebooks/stanley-g-weinbaum/the-dark-other
Evelyn Underhill|Practical Mysticism|/ebooks/evelyn-underhill/practical-mysticism
Arthur Machen|The Hill of Dreams|/ebooks/arthur-machen/the-hill-of-dreams
L. M. Montgomery|Anne of Green Gables|/ebooks/l-m-montgomery/anne-of-green-gables
Frances Hodgson Burnett|Little Lord Fauntleroy|/ebooks/frances-hodgson-burnett/little-lord-fauntleroy
A. A. Milne|The Red House Mystery|/ebooks/a-a-milne/the-red-house-mystery
Charlotte Brontë|Jane Eyre|/ebooks/charlotte-bronte/jane-eyre
Jack London|The Sea-Wolf|/ebooks/jack-london/the-sea-wolf
Fyodor Sologub|Short Fiction|/ebooks/fyodor-sologub/short-fiction/john-cournos_stephen-graham_rosa-savory-graham_p-selver
Andre Norton|Star Born|/ebooks/andre-norton/star-born
George Eliot|Middlemarch|/ebooks/george-eliot/middlemarch
Anna Sewell|Black Beauty|/ebooks/anna-sewell/black-beauty
Angela Brazil|A Popular Schoolgirl|/ebooks/angela-brazil/a-popular-schoolgirl
anonymous|Beowulf|/ebooks/anonymous/beowulf/john-lesslie-hall
M. E. Braddon|Lady Audley’s Secret|/ebooks/m-e-braddon/lady-audleys-secret
John Muir|My First Summer in the Sierra|/ebooks/john-muir/my-first-summer-in-the-sierra
Alexandre Dumas|The Three Musketeers|/ebooks/alexandre-dumas/the-three-musketeers/william-robson
Aldous Huxley|Antic Hay|/ebooks/aldous-huxley/antic-hay
Ella Cheever Thayer|Wired Love|/ebooks/ella-cheever-thayer/wired-love
Samuel Butler|The Way of All Flesh|/ebooks/samuel-butler/the-way-of-all-flesh
Poul Anderson|Short Fiction|/ebooks/poul-anderson/short-fiction
Charles Dickens|Great Expectations|/ebooks/charles-dickens/great-expectations
H. G. Wells|Tono-Bungay|/ebooks/h-g-wells/tono-bungay
Gaston Leroux|The Phantom of the Opera|/ebooks/gaston-leroux/the-phantom-of-the-opera/alexander-teixeira-de-mattos
Homer|The Iliad|/ebooks/homer/the-iliad/william-cullen-bryant
Homer|The Odyssey|/ebooks/homer/the-odyssey/william-cullen-bryant
John W. Campbell|Islands of Space|/ebooks/john-w-campbell/islands-of-space
George Eliot|The Mill on the Floss|/ebooks/george-eliot/the-mill-on-the-floss
Anne Brontë|The Tenant of Wildfell Hall|/ebooks/anne-bronte/the-tenant-of-wildfell-hall
Richmal Crompton|Just William|/ebooks/richmal-crompton/just-william
P. G. Wodehouse|School Stories|/ebooks/p-g-wodehouse/school-stories
William Shakespeare|Much Ado About Nothing|/ebooks/william-shakespeare/much-ado-about-nothing
Andre Norton|Plague Ship|/ebooks/andre-norton/plague-ship
J. M. Synge|The Playboy of the Western World|/ebooks/j-m-synge/the-playboy-of-the-western-world
Laurence Sterne|The Life and Opinions of Tristram Shandy, Gentleman|/ebooks/laurence-sterne/the-life-and-opinions-of-tristram-shandy-gentleman
Charles Dickens|Oliver Twist|/ebooks/charles-dickens/oliver-twist
Herman Melville|Short Fiction|/ebooks/herman-melville/short-fiction
Agatha Christie|Poirot Investigates|/ebooks/agatha-christie/poirot-investigates
Cicero|Tusculan Disputations|/ebooks/cicero/tusculan-disputations/c-d-yonge
O. Henry|Short Fiction|/ebooks/o-henry/short-fiction
Alexander Pushkin|Eugene Onegin|/ebooks/alexander-pushkin/eugene-onegin/henry-spalding
John Galsworthy|The Forsyte Saga|/ebooks/john-galsworthy/the-forsyte-saga
Edith Wharton|The Age of Innocence|/ebooks/edith-wharton/the-age-of-innocence
William Morris|The Water of the Wondrous Isles|/ebooks/william-morris/the-water-of-the-wondrous-isles
Epictetus|Discourses|/ebooks/epictetus/discourses/george-long
Charlotte Brontë|Shirley|/ebooks/charlotte-bronte/shirley
William Hope Hodgson|The Night Land|/ebooks/william-hope-hodgson/the-night-land
Henry David Thoreau|A Week on the Concord and Merrimack Rivers|/ebooks/henry-david-thoreau/a-week-on-the-concord-and-merrimack-rivers
Compton Mackenzie|Sinister Street|/ebooks/compton-mackenzie/sinister-street
William Shakespeare|Poetry|/ebooks/william-shakespeare/poetry
Robert Frost|New Hampshire|/ebooks/robert-frost/new-hampshire
Diogenes Laërtius|The Lives and Opinions of Eminent Philosophers|/ebooks/diogenes-laertius/the-lives-and-opinions-of-eminent-philosophers/c-d-yonge
John Bunyan|The Pilgrim’s Progress|/ebooks/john-bunyan/the-pilgrims-progress
Richard Marsh|The Beetle|/ebooks/richard-marsh/the-beetle
Nathaniel Hawthorne|The Scarlet Letter|/ebooks/nathaniel-hawthorne/the-scarlet-letter
James Branch Cabell|The Cream of the Jest|/ebooks/james-branch-cabell/the-cream-of-the-jest
Thomas Hardy|The Mayor of Casterbridge|/ebooks/thomas-hardy/the-mayor-of-casterbridge
Edgar Rice Burroughs|The Warlord of Mars|/ebooks/edgar-rice-burroughs/the-warlord-of-mars
Leo Tolstoy|Anna Karenina|/ebooks/leo-tolstoy/anna-karenina/constance-garnett
E. M. Forster|A Passage to India|/ebooks/e-m-forster/a-passage-to-india
Edgar Rice Burroughs|The Gods of Mars|/ebooks/edgar-rice-burroughs/the-gods-of-mars
Sarah Orne Jewett|The Country of the Pointed Firs|/ebooks/sarah-orne-jewett/the-country-of-the-pointed-firs
Charlotte Perkins Gilman|Herland|/ebooks/charlotte-perkins-gilman/herland
E. E. Smith|Triplanetary|/ebooks/e-e-smith/triplanetary
Edward Lear|Nonsense Books|/ebooks/edward-lear/nonsense-books
Eugene O’Neill|The Hairy Ape|/ebooks/eugene-oneill/the-hairy-ape
Yevgeny Zamyatin|We|/ebooks/yevgeny-zamyatin/we/gregory-zilboorg
Edgar Rice Burroughs|At the Earth’s Core|/ebooks/edgar-rice-burroughs/at-the-earths-core
Charlotte Brontë|Villette|/ebooks/charlotte-bronte/villette
L. Frank Baum|The Marvelous Land of Oz|/ebooks/l-frank-baum/the-marvelous-land-of-oz
Lewis Carroll|A Tangled Tale|/ebooks/lewis-carroll/a-tangled-tale
William Shakespeare|A Midsummer Night’s Dream|/ebooks/william-shakespeare/a-midsummer-nights-dream
Andre Norton|The Time Traders|/ebooks/andre-norton/the-time-traders
Edgar Rice Burroughs|Pellucidar|/ebooks/edgar-rice-burroughs/pellucidar
Jules Verne|Journey to the Center of the Earth|/ebooks/jules-verne/journey-to-the-center-of-the-earth/f-a-malleson
Fyodor Dostoevsky|The Gambler|/ebooks/fyodor-dostoevsky/the-gambler/c-j-hogarth
E. E. Smith|First Lensman|/ebooks/e-e-smith/first-lensman
Thomas Malory|Le Morte d’Arthur|/ebooks/thomas-malory/le-morte-darthur
James Branch Cabell|Jurgen|/ebooks/james-branch-cabell/jurgen
E. M. Forster|Howards End|/ebooks/e-m-forster/howards-end
Vladimir Korolenko|Short Fiction|/ebooks/vladimir-korolenko/short-fiction/aline-delano_sergius-stepniak_william-westall_thomas-seltzer_the-russian-review_marian-fell_clarence-manning
Fyodor Dostoevsky|Poor Folk|/ebooks/fyodor-dostoevsky/poor-folk/c-j-hogarth
Agatha Christie|The Man in the Brown Suit|/ebooks/agatha-christie/the-man-in-the-brown-suit
Thomas Hardy|Jude the Obscure|/ebooks/thomas-hardy/jude-the-obscure
Jack London|The Iron Heel|/ebooks/jack-london/the-iron-heel
P. G. Wodehouse|Piccadilly Jim|/ebooks/p-g-wodehouse/piccadilly-jim
William Shakespeare|The Comedy of Errors|/ebooks/william-shakespeare/the-comedy-of-errors
Leo Tolstoy|War and Peace|/ebooks/leo-tolstoy/war-and-peace/louise-maude_aylmer-maude
Leonid Andreyev|Satan’s Diary|/ebooks/leonid-andreyev/satans-diary/herman-bernstein
P. G. Wodehouse|Ukridge Stories|/ebooks/p-g-wodehouse/ukridge-stories
Sinclair Lewis|Main Street|/ebooks/sinclair-lewis/main-street
William Wells Brown|Clotel|/ebooks/william-wells-brown/clotel
Fritz Leiber|Short Fiction|/ebooks/fritz-leiber/short-fiction
John W. Campbell|The Black Star Passes|/ebooks/john-w-campbell/the-black-star-passes
Samuel Butler|Erewhon|/ebooks/samuel-butler/erewhon
James Weldon Johnson|The Autobiography of an Ex-Colored Man|/ebooks/james-weldon-johnson/the-autobiography-of-an-ex-colored-man
Thornton W. Burgess|Green Meadow Stories|/ebooks/thornton-w-burgess/green-meadow-stories
H. Rider Haggard|She|/ebooks/h-rider-haggard/she
Lytton Strachey|Queen Victoria|/ebooks/lytton-strachey/queen-victoria
Thornton W. Burgess|Green Forest Stories|/ebooks/thornton-w-burgess/green-forest-stories
Mark Twain|Roughing It|/ebooks/mark-twain/roughing-it
William Congreve|The Way of the World|/ebooks/william-congreve/the-way-of-the-world
Frederick Douglass|Narrative of the Life of Frederick Douglass|/ebooks/frederick-douglass/narrative-of-the-life-of-frederick-douglass
Phillis Wheatley|Poems on Various Subjects, Religious and Moral|/ebooks/phillis-wheatley/poems-on-various-subjects-religious-and-moral
Eleanor H. Porter|Pollyanna|/ebooks/eleanor-h-porter/pollyanna
James Stephens|Irish Fairy Tales|/ebooks/james-stephens/irish-fairy-tales
Thomas Mann|Bashan and I|/ebooks/thomas-mann/bashan-and-i/herman-george-scheffauer
Harriet E. Wilson|Our Nig|/ebooks/harriet-e-wilson/our-nig
William Shakespeare|Romeo and Juliet|/ebooks/william-shakespeare/romeo-and-juliet
William Shakespeare|The Tempest|/ebooks/william-shakespeare/the-tempest
Karel Čapek|R.U.R.|/ebooks/karel-capek/r-u-r/paul-selver_nigel-playfair
Leonid Andreyev|He Who Gets Slapped|/ebooks/leonid-andreyev/he-who-gets-slapped/gregory-zilboorg
Booth Tarkington|The Turmoil|/ebooks/booth-tarkington/the-turmoil
Anatole France|Penguin Island|/ebooks/anatole-france/penguin-island/a-w-evans
Leo Tolstoy|Hadji Murád|/ebooks/leo-tolstoy/hadji-murad/aylmer-maude
Guy de Maupassant|Pierre and Jean|/ebooks/guy-de-maupassant/pierre-and-jean/clara-bell
Henryk Sienkiewicz|Quo Vadis|/ebooks/henryk-sienkiewicz/quo-vadis/jeremiah-curtin
E. Nesbit|Five Children and It|/ebooks/e-nesbit/five-children-and-it
Giovanni Boccaccio|The Decameron|/ebooks/giovanni-boccaccio/the-decameron/john-payne
Sun Tzu|The Art of War|/ebooks/sun-tzu/the-art-of-war/lionel-giles
Ford Madox Ford|Some Do Not …|/ebooks/ford-madox-ford/some-do-not
William Shakespeare|Julius Caesar|/ebooks/william-shakespeare/julius-caesar
William Shakespeare|King Lear|/ebooks/william-shakespeare/king-lear
Edgar Allan Poe|Short Fiction|/ebooks/edgar-allan-poe/short-fiction
Henry Fielding|The History of Tom Jones, a Foundling|/ebooks/henry-fielding/the-history-of-tom-jones-a-foundling
Oscar Wilde|Lord Arthur Savile’s Crime and Other Stories|/ebooks/oscar-wilde/lord-arthur-saviles-crime-and-other-stories
Virginia Woolf|Jacob’s Room|/ebooks/virginia-woolf/jacobs-room
Freeman Wills Crofts|The Cask|/ebooks/freeman-wills-crofts/the-cask
Henry George|Progress and Poverty|/ebooks/henry-george/progress-and-poverty
Baroness Orczy|I Will Repay|/ebooks/baroness-orczy/i-will-repay
Baroness Orczy|The Elusive Pimpernel|/ebooks/baroness-orczy/the-elusive-pimpernel
Edgar Rice Burroughs|The Land That Time Forgot|/ebooks/edgar-rice-burroughs/the-land-that-time-forgot
E. Nesbit|The House of Arden|/ebooks/e-nesbit/the-house-of-arden
Baroness Orczy|El Dorado|/ebooks/baroness-orczy/el-dorado
Baroness Orczy|The Laughing Cavalier|/ebooks/baroness-orczy/the-laughing-cavalier
Aleksandr Kuprin|Yama|/ebooks/aleksandr-kuprin/yama/bernard-guilbert-guerney
Banjo Paterson|An Outback Marriage|/ebooks/banjo-paterson/an-outback-marriage
Frank Norris|McTeague|/ebooks/frank-norris/mcteague
Oscar Wilde|Children’s Stories|/ebooks/oscar-wilde/childrens-stories
Baroness Orczy|Lord Tony’s Wife|/ebooks/baroness-orczy/lord-tonys-wife
F. Scott Fitzgerald|The Great Gatsby|/ebooks/f-scott-fitzgerald/the-great-gatsby
Ford Madox Ford|No More Parades|/ebooks/ford-madox-ford/no-more-parades
Edith Wharton|Summer|/ebooks/edith-wharton/summer
E. Nesbit|Harding’s Luck|/ebooks/e-nesbit/hardings-luck
P. G. Wodehouse|Leave It to Psmith|/ebooks/p-g-wodehouse/leave-it-to-psmith
Carlo Collodi|The Adventures of Pinocchio|/ebooks/carlo-collodi/the-adventures-of-pinocchio
Henry James|The Wings of the Dove|/ebooks/henry-james/the-wings-of-the-dove
William Shakespeare|Henry VI, Part I|/ebooks/william-shakespeare/henry-vi-part-i
John Henry Newman|Verses on Various Occasions|/ebooks/john-henry-newman/verses-on-various-occasions
Booth Tarkington|National Avenue|/ebooks/booth-tarkington/national-avenue
William Shakespeare|Henry VI, Part II|/ebooks/william-shakespeare/henry-vi-part-ii
Baroness Orczy|The First Sir Percy|/ebooks/baroness-orczy/the-first-sir-percy
John Webster|The Duchess of Malfi|/ebooks/john-webster/the-duchess-of-malfi
E. E. Cummings|The Enormous Room|/ebooks/e-e-cummings/the-enormous-room
Jane Austen|Mansfield Park|/ebooks/jane-austen/mansfield-park
Baroness Orczy|The League of the Scarlet Pimpernel|/ebooks/baroness-orczy/the-league-of-the-scarlet-pimpernel
Baroness Orczy|The Triumph of the Scarlet Pimpernel|/ebooks/baroness-orczy/the-triumph-of-the-scarlet-pimpernel
Edgar Rice Burroughs|Thuvia, Maid of Mars|/ebooks/edgar-rice-burroughs/thuvia-maid-of-mars
Baroness Orczy|Pimpernel and Rosemary|/ebooks/baroness-orczy/pimpernel-and-rosemary
Sinclair Lewis|Arrowsmith|/ebooks/sinclair-lewis/arrowsmith
William Shakespeare|Othello|/ebooks/william-shakespeare/othello
William Shakespeare|Henry VI, Part III|/ebooks/william-shakespeare/henry-vi-part-iii
Maurice Leblanc|Memoirs of Arsène Lupin|/ebooks/maurice-leblanc/memoirs-of-arsene-lupin/alexander-teixeira-de-mattos
P. G. Wodehouse|Psmith, Journalist|/ebooks/p-g-wodehouse/psmith-journalist
Virginia Woolf|Mrs. Dalloway|/ebooks/virginia-woolf/mrs-dalloway
R. A. Lafferty|Short Fiction|/ebooks/r-a-lafferty/short-fiction
Joseph Conrad|Lord Jim|/ebooks/joseph-conrad/lord-jim
F. Scott Fitzgerald|The Beautiful and Damned|/ebooks/f-scott-fitzgerald/the-beautiful-and-damned
Virgil|The Aeneid|/ebooks/virgil/the-aeneid/john-dryden
James Weldon Johnson|Poetry|/ebooks/james-weldon-johnson/poetry
G. K. Chesterton|Heretics|/ebooks/g-k-chesterton/heretics
Richard Brinsley Sheridan|The School for Scandal|/ebooks/richard-brinsley-sheridan/the-school-for-scandal
John Stuart Mill|The Subjection of Women|/ebooks/john-stuart-mill/the-subjection-of-women
Alexandre Dumas|The Count of Monte Cristo|/ebooks/alexandre-dumas/the-count-of-monte-cristo/chapman-and-hall
Samuel Richardson|Clarissa|/ebooks/samuel-richardson/clarissa
Eleanor H. Porter|Pollyanna Grows Up|/ebooks/eleanor-h-porter/pollyanna-grows-up
P. G. Wodehouse|Uneasy Money|/ebooks/p-g-wodehouse/uneasy-money
Virginia Woolf|Night and Day|/ebooks/virginia-woolf/night-and-day
William Shakespeare|Hamlet|/ebooks/william-shakespeare/hamlet
Mikhail Artsybashev|Sanine|/ebooks/mikhail-artsybashev/sanine/percy-pinkerton
Frances Ellen Watkins Harper|Iola Leroy|/ebooks/frances-ellen-watkins-harper/iola-leroy
M. R. James|Short Fiction|/ebooks/m-r-james/short-fiction
H. Beam Piper|Four-Day Planet|/ebooks/h-beam-piper/four-day-planet
James Joyce|A Portrait of the Artist as a Young Man|/ebooks/james-joyce/a-portrait-of-the-artist-as-a-young-man
E. Nesbit|The Phoenix and the Carpet|/ebooks/e-nesbit/the-phoenix-and-the-carpet
H. G. Wells|The World Set Free|/ebooks/h-g-wells/the-world-set-free
George Bernard Shaw|Man and Superman|/ebooks/george-bernard-shaw/man-and-superman
Henrik Ibsen|A Doll’s House|/ebooks/henrik-ibsen/a-dolls-house/r-farquharson-sharp
George MacDonald|Lilith|/ebooks/george-macdonald/lilith
Percy Marks|The Plastic Age|/ebooks/percy-marks/the-plastic-age
Ambrose Bierce|The Devil’s Dictionary|/ebooks/ambrose-bierce/the-devils-dictionary
Philip Wylie|Gladiator|/ebooks/philip-wylie/gladiator
S. M. Mitra|Hindu Tales from the Sanskrit|/ebooks/s-m-mitra/hindu-tales-from-the-sanskrit
Lew Wallace|Ben Hur|/ebooks/lew-wallace/ben-hur
Charlotte Perkins Gilman|Women and Economics|/ebooks/charlotte-perkins-gilman/women-and-economics
Katharine Susannah Prichard|The Black Opal|/ebooks/katharine-susannah-prichard/the-black-opal
Matthew Henson|A Negro Explorer at the North Pole|/ebooks/matthew-henson/a-negro-explorer-at-the-north-pole
Rolf Boldrewood|Robbery Under Arms|/ebooks/rolf-boldrewood/robbery-under-arms
Edgar Rice Burroughs|The Chessmen of Mars|/ebooks/edgar-rice-burroughs/the-chessmen-of-mars
Oscar Wilde|An Ideal Husband|/ebooks/oscar-wilde/an-ideal-husband
Joseph Jacobs|Indian Fairy Tales|/ebooks/joseph-jacobs/indian-fairy-tales
Linda Brent|Incidents in the Life of a Slave Girl|/ebooks/linda-brent/incidents-in-the-life-of-a-slave-girl
Rabindranath Tagore|My Reminiscences|/ebooks/rabindranath-tagore/my-reminiscences/the-macmillan-company
George Bernard Shaw|Arms and the Man|/ebooks/george-bernard-shaw/arms-and-the-man
Selma Lagerlöf|Short Fiction|/ebooks/selma-lagerlof/short-fiction/pauline-bancroft-flach_jessie-brochner_velma-swanston-howard
E. Nesbit|The Story of the Amulet|/ebooks/e-nesbit/the-story-of-the-amulet
anonymous|The Nibelungenlied|/ebooks/anonymous/the-nibelungenlied/alice-horton
Anton Chekhov|Three Sisters|/ebooks/anton-chekhov/three-sisters/julius-west
Solomon Northup|Twelve Years a Slave|/ebooks/solomon-northup/twelve-years-a-slave
Hilaire Belloc|The Servile State|/ebooks/hilaire-belloc/the-servile-state
Jean Toomer|Cane|/ebooks/jean-toomer/cane
George Eliot|Daniel Deronda|/ebooks/george-eliot/daniel-deronda
Alexander Hamilton|The Federalist Papers|/ebooks/alexander-hamilton_john-jay_james-madison/the-federalist-papers
William F. Cody|The Life of Buffalo Bill|/ebooks/william-f-cody/the-life-of-buffalo-bill
Thomas Paine|Essays|/ebooks/thomas-paine/essays
Jules Verne|Five Weeks in a Balloon|/ebooks/jules-verne/five-weeks-in-a-balloon/william-lackland
G. K. Chesterton|Orthodoxy|/ebooks/g-k-chesterton/orthodoxy
Thomas Paine|The Rights of Man|/ebooks/thomas-paine/the-rights-of-man
Thomas Paine|The American Crisis|/ebooks/thomas-paine/the-american-crisis
Leo Tolstoy|Short Fiction|/ebooks/leo-tolstoy/short-fiction/louise-maude_aylmer-maude_nathan-haskell-dole_constance-garnett_j-d-duff_leo-weiner_r-s-townsend_hagberg-wright_benjamin-tucker_everymans-library_vladimir-chertkov_isabella-fyvie-mayo
Mark Twain|The Autobiography of Mark Twain|/ebooks/mark-twain/the-autobiography-of-mark-twain
Aldous Huxley|Crome Yellow|/ebooks/aldous-huxley/crome-yellow
Olaudah Equiano|The Interesting Narrative of the Life of Olaudah Equiano|/ebooks/olaudah-equiano/the-interesting-narrative-of-the-life-of-olaudah-equiano
Thomas Paine|The Age of Reason|/ebooks/thomas-paine/the-age-of-reason
Henrik Ibsen|Hedda Gabler|/ebooks/henrik-ibsen/hedda-gabler/edmund-gosse_william-archer
William Shakespeare|Macbeth|/ebooks/william-shakespeare/macbeth
Henry David Thoreau|Essays|/ebooks/henry-david-thoreau/essays
Helen Keller|The Story of My Life|/ebooks/helen-keller/the-story-of-my-life
Dorothy Day|The Eleventh Virgin|/ebooks/dorothy-day/the-eleventh-virgin
D. H. Lawrence|The Rainbow|/ebooks/d-h-lawrence/the-rainbow
Samuel Butler|Hudibras|/ebooks/samuel-butler-1612-1680/hudibras
Dante Alighieri|The Divine Comedy|/ebooks/dante-alighieri/the-divine-comedy/henry-wadsworth-longfellow
P. T. Barnum|The Humbugs of the World|/ebooks/p-t-barnum/the-humbugs-of-the-world
James Branch Cabell|Domnei|/ebooks/james-branch-cabell/domnei
Émile Zola|Germinal|/ebooks/emile-zola/germinal/havelock-ellis
William Shakespeare|As You Like It|/ebooks/william-shakespeare/as-you-like-it
William Shakespeare|Twelfth Night|/ebooks/william-shakespeare/twelfth-night
Thorstein Veblen|The Theory of the Leisure Class|/ebooks/thorstein-veblen/the-theory-of-the-leisure-class
William Shakespeare|King John|/ebooks/william-shakespeare/king-john
Sherwood Anderson|Winesburg, Ohio|/ebooks/sherwood-anderson/winesburg-ohio
Theodore Dreiser|An American Tragedy|/ebooks/theodore-dreiser/an-american-tragedy
William Shakespeare|Richard II|/ebooks/william-shakespeare/richard-ii
Jules Verne|Ticket No. 9672|/ebooks/jules-verne/ticket-no-9672/laura-e-kendall
William Shakespeare|Henry IV, Part I|/ebooks/william-shakespeare/henry-iv-part-i
Willa Cather|One of Ours|/ebooks/willa-cather/one-of-ours
William Shakespeare|Henry IV, Part II|/ebooks/william-shakespeare/henry-iv-part-ii
Jane Addams|Twenty Years at Hull House|/ebooks/jane-addams/twenty-years-at-hull-house
Martin Andersen Nexø|Pelle the Conqueror|/ebooks/martin-andersen-nexo/pelle-the-conqueror/jessie-muir_bernard-miall
George Borrow|Lavengro|/ebooks/george-borrow/lavengro
Thomas à Kempis|The Imitation of Christ|/ebooks/thomas-a-kempis/the-imitation-of-christ/william-benham
Jules Verne|An Antarctic Mystery|/ebooks/jules-verne/an-antarctic-mystery/frances-cashel-hoey
Friedrich Nietzsche|Thus Spake Zarathustra|/ebooks/friedrich-nietzsche/thus-spake-zarathustra/thomas-common
Mark Twain|Personal Recollections of Joan of Arc|/ebooks/mark-twain/personal-recollections-of-joan-of-arc
J. S. Fletcher|The Middle Temple Murder|/ebooks/j-s-fletcher/the-middle-temple-murder
P. G. Wodehouse|Short Fiction|/ebooks/p-g-wodehouse/short-fiction
William Shakespeare|Richard III|/ebooks/william-shakespeare/richard-iii
Molière|Tartuffe|/ebooks/moliere/tartuffe/curtis-hidden-page
Peter Kropotkin|The Conquest of Bread|/ebooks/peter-kropotkin/the-conquest-of-bread/chapman-and-hall
Christopher Marlowe|The Jew of Malta|/ebooks/christopher-marlowe/the-jew-of-malta
Willa Cather|O Pioneers!|/ebooks/willa-cather/o-pioneers
Jules Verne|Topsy-Turvy|/ebooks/jules-verne/topsy-turvy/j-g-ogilvie
Ann Radcliffe|A Sicilian Romance|/ebooks/ann-radcliffe/a-sicilian-romance
Black Hawk|The Autobiography of Ma-Ka-Tai-Me-She-Kia-Kiak, or Black Hawk|/ebooks/black-hawk/the-autobiography-of-ma-ka-tai-me-she-kia-kiak-or-black-hawk
Willa Cather|The Song of the Lark|/ebooks/willa-cather/the-song-of-the-lark
William Shakespeare|Edward III|/ebooks/william-shakespeare/edward-iii
William Wycherley|The Country Wife|/ebooks/william-wycherley/the-country-wife
Ray Bradbury|Short Fiction|/ebooks/ray-bradbury/short-fiction
Charles Dickens|Little Dorrit|/ebooks/charles-dickens/little-dorrit
Peter Kropotkin|Mutual Aid|/ebooks/peter-kropotkin/mutual-aid
George Gissing|New Grub Street|/ebooks/george-gissing/new-grub-street
Jules Verne|The Child of the Cavern|/ebooks/jules-verne/the-child-of-the-cavern/vincent-parke-and-company
William Shakespeare|Henry VIII|/ebooks/william-shakespeare/henry-viii
Leo Tolstoy|Resurrection|/ebooks/leo-tolstoy/resurrection/louise-maude
Jules Verne|From the Earth to the Moon|/ebooks/jules-verne/from-the-earth-to-the-moon/ward-lock-co
Anthony Trollope|Doctor Thorne|/ebooks/anthony-trollope/doctor-thorne
W. E. B. Du Bois|The Souls of Black Folk|/ebooks/w-e-b-du-bois/the-souls-of-black-folk
Lord Dunsany|The King of Elfland’s Daughter|/ebooks/lord-dunsany/the-king-of-elflands-daughter
Jules Verne|The Survivors of the Chancellor|/ebooks/jules-verne/the-survivors-of-the-chancellor/ellen-frewer
Adam Smith|The Wealth of Nations|/ebooks/adam-smith/the-wealth-of-nations
Pedro Carolino|English as She Is Spoke|/ebooks/pedro-carolino_jose-da-fonseca/english-as-she-is-spoke
Jules Verne|Round the Moon|/ebooks/jules-verne/round-the-moon/ward-lock-co
Robert Sheckley|Short Fiction|/ebooks/robert-sheckley/short-fiction
Alan Sullivan|The Jade God|/ebooks/alan-sullivan/the-jade-god
Aleksandr Kuprin|Short Fiction|/ebooks/aleksandr-kuprin/short-fiction/s-koteliansky_j-m-murry_stephen-graham_rosa-savory-graham_leo-pasvolsky_douglas-ashby_the-living-age_b-guilbert-guerney_alexander-gagarine_malcolm-w-davis
James Joyce|Poetry|/ebooks/james-joyce/poetry
Theodore Dreiser|Sister Carrie|/ebooks/theodore-dreiser/sister-carrie
W. Somerset Maugham|On a Chinese Screen|/ebooks/w-somerset-maugham/on-a-chinese-screen
William Shakespeare|All’s Well That Ends Well|/ebooks/william-shakespeare/alls-well-that-ends-well
E. W. Hornung|The Amateur Cracksman|/ebooks/e-w-hornung/the-amateur-cracksman
E. W. Hornung|The Black Mask|/ebooks/e-w-hornung/the-black-mask
Ernest Howard Crosby|Captain Jinks, Hero|/ebooks/ernest-howard-crosby/captain-jinks-hero
Henry James|The Ambassadors|/ebooks/henry-james/the-ambassadors
Ernest Poole|His Family|/ebooks/ernest-poole/his-family
E. W. Hornung|A Thief in the Night|/ebooks/e-w-hornung/a-thief-in-the-night
Knut Hamsun|Growth of the Soil|/ebooks/knut-hamsun/growth-of-the-soil/w-w-worster
Anthony Trollope|Framley Parsonage|/ebooks/anthony-trollope/framley-parsonage
W. Somerset Maugham|The Magician|/ebooks/w-somerset-maugham/the-magician
Zane Grey|Betty Zane|/ebooks/zane-grey/betty-zane
Leo Tolstoy|What Is Art?|/ebooks/leo-tolstoy/what-is-art/aylmer-maude
H. Beam Piper|Murder in the Gunroom|/ebooks/h-beam-piper/murder-in-the-gunroom
Wilkie Collins|The Dead Secret|/ebooks/wilkie-collins/the-dead-secret
Edgar Rice Burroughs|The Return of Tarzan|/ebooks/edgar-rice-burroughs/the-return-of-tarzan
William Shakespeare|The Two Gentlemen of Verona|/ebooks/william-shakespeare/the-two-gentlemen-of-verona
Edgar Rice Burroughs|Tarzan of the Apes|/ebooks/edgar-rice-burroughs/tarzan-of-the-apes
Henryk Sienkiewicz|With Fire and Sword|/ebooks/henryk-sienkiewicz/with-fire-and-sword/jeremiah-curtin
Zane Grey|Riders of the Purple Sage|/ebooks/zane-grey/riders-of-the-purple-sage
William Faulkner|Soldiers’ Pay|/ebooks/william-faulkner/soldiers-pay
T. E. Lawrence|Seven Pillars of Wisdom|/ebooks/t-e-lawrence/seven-pillars-of-wisdom
Ernest Hemingway|The Sun Also Rises|/ebooks/ernest-hemingway/the-sun-also-rises
Ford Madox Ford|A Man Could Stand Up—|/ebooks/ford-madox-ford/a-man-could-stand-up
Ernest Hemingway|Short Fiction|/ebooks/ernest-hemingway/short-fiction
A. A. Milne|Winnie-the-Pooh|/ebooks/a-a-milne/winnie-the-pooh
William Shakespeare|The Taming of the Shrew|/ebooks/william-shakespeare/the-taming-of-the-shrew
William Shakespeare|Antony and Cleopatra|/ebooks/william-shakespeare/antony-and-cleopatra
Emma Goldman|My Disillusionment in Russia|/ebooks/emma-goldman/my-disillusionment-in-russia
E. Nesbit|Wet Magic|/ebooks/e-nesbit/wet-magic
Edna Ferber|So Big|/ebooks/edna-ferber/so-big
Agatha Christie|The Murder of Roger Ackroyd|/ebooks/agatha-christie/the-murder-of-roger-ackroyd
P. G. Wodehouse|Indiscretions of Archie|/ebooks/p-g-wodehouse/indiscretions-of-archie
P. G. Wodehouse|The Pothunters|/ebooks/p-g-wodehouse/the-pothunters
E. E. Smith|The Skylark of Space|/ebooks/e-e-smith/the-skylark-of-space
Margaret Wilson|The Able McLaughlins|/ebooks/margaret-wilson/the-able-mclaughlins
Anita Loos|Gentlemen Prefer Blondes|/ebooks/anita-loos/gentlemen-prefer-blondes
John W. Campbell|Invaders from the Infinite|/ebooks/john-w-campbell/invaders-from-the-infinite
Leo Tolstoy|The Power of Darkness|/ebooks/leo-tolstoy/the-power-of-darkness/louise-maude_aylmer-maude
Xavier de Maistre|Short Fiction|/ebooks/xavier-de-maistre/short-fiction/john-andrews_henry-attwell_h-c-carey_i-lea
Alain-René Lesage|Gil Blas|/ebooks/alain-rene-lesage/gil-blas/tobias-smollett
Pierre Choderlos de Laclos|Dangerous Liaisons|/ebooks/pierre-choderlos-de-laclos/dangerous-liaisons/thomas-moore
E. R. Eddison|The Worm Ouroboros|/ebooks/e-r-eddison/the-worm-ouroboros
P. G. Wodehouse|A Damsel in Distress|/ebooks/p-g-wodehouse/a-damsel-in-distress
P. G. Wodehouse|A Gentleman of Leisure|/ebooks/p-g-wodehouse/a-gentleman-of-leisure
Elias Lönnrot|The Kalevala|/ebooks/elias-lonnrot/the-kalevala/john-martin-crawford
William Shakespeare|The Merchant of Venice|/ebooks/william-shakespeare/the-merchant-of-venice
Jacob Grimm|Household Tales|/ebooks/jacob-grimm_wilhelm-grimm/household-tales/margaret-hunt
Alexander Mackenzie|Journals|/ebooks/alexander-mackenzie/journals
Edgar Rice Burroughs|The Beasts of Tarzan|/ebooks/edgar-rice-burroughs/the-beasts-of-tarzan
William Shakespeare|Timon of Athens|/ebooks/william-shakespeare/timon-of-athens
Jules Verne|Facing the Flag|/ebooks/jules-verne/facing-the-flag/f-tennyson-neely
E. M. Forster|Where Angels Fear to Tread|/ebooks/e-m-forster/where-angels-fear-to-tread
Aldous Huxley|Those Barren Leaves|/ebooks/aldous-huxley/those-barren-leaves
Anthony Trollope|The Small House at Allington|/ebooks/anthony-trollope/the-small-house-at-allington
Robert Louis Stevenson|Catriona|/ebooks/robert-louis-stevenson/catriona
Ludovico Ariosto|Orlando Furioso|/ebooks/ludovico-ariosto/orlando-furioso/william-stewart-rose
Etsu Inagaki Sugimoto|A Daughter of the Samurai|/ebooks/etsu-inagaki-sugimoto/a-daughter-of-the-samurai
Hugh Walpole|The Secret City|/ebooks/hugh-walpole/the-secret-city
Pierre-Joseph Proudhon|What Is Property?|/ebooks/pierre-joseph-proudhon/what-is-property/benjamin-tucker
Sinclair Lewis|Babbitt|/ebooks/sinclair-lewis/babbitt
Alexandre Dumas|Twenty Years After|/ebooks/alexandre-dumas/twenty-years-after/estes-and-lauriat
Oscar Wilde|Lady Windermere’s Fan|/ebooks/oscar-wilde/lady-windermeres-fan
William Shakespeare|Pericles|/ebooks/william-shakespeare/pericles
P. G. Wodehouse|Golf Stories|/ebooks/p-g-wodehouse/golf-stories
Walter de la Mare|Memoirs of a Midget|/ebooks/walter-de-la-mare/memoirs-of-a-midget
Russell Thorndike|Doctor Syn|/ebooks/russell-thorndike/doctor-syn
James Stephens|The Crock of Gold|/ebooks/james-stephens/the-crock-of-gold
Voltairine de Cleyre|Poetry|/ebooks/voltairine-de-cleyre/poetry
William Shakespeare|Coriolanus|/ebooks/william-shakespeare/coriolanus
Harriet Beecher Stowe|Uncle Tom’s Cabin|/ebooks/harriet-beecher-stowe/uncle-toms-cabin
Hugh Walpole|The Dark Forest|/ebooks/hugh-walpole/the-dark-forest
Hilaire Belloc|The Path to Rome|/ebooks/hilaire-belloc/the-path-to-rome
Theodore Roosevelt|The Rough Riders|/ebooks/theodore-roosevelt/the-rough-riders
Herminie Templeton Kavanagh|Darby O’Gill and the Good People|/ebooks/herminie-templeton-kavanagh/darby-ogill-and-the-good-people
Dorothy M. Richardson|Pointed Roofs|/ebooks/dorothy-m-richardson/pointed-roofs
Henryk Sienkiewicz|The Deluge|/ebooks/henryk-sienkiewicz/the-deluge/jeremiah-curtin
Marie Belloc Lowndes|The Lodger|/ebooks/marie-belloc-lowndes/the-lodger
John Stuart Mill|The Autobiography of John Stuart Mill|/ebooks/john-stuart-mill/the-autobiography-of-john-stuart-mill
Anthony Trollope|The Last Chronicle of Barset|/ebooks/anthony-trollope/the-last-chronicle-of-barset
R. H. Tawney|The Acquisitive Society|/ebooks/r-h-tawney/the-acquisitive-society
Edgar Rice Burroughs|The Son of Tarzan|/ebooks/edgar-rice-burroughs/the-son-of-tarzan
David Garnett|Lady Into Fox|/ebooks/david-garnett/lady-into-fox
Arnold Bennett|The Old Wives’ Tale|/ebooks/arnold-bennett/the-old-wives-tale
Sigfrid Siwertz|Downstream|/ebooks/sigfrid-siwertz/downstream/e-classen
Will James|Smoky the Cowhorse|/ebooks/will-james/smoky-the-cowhorse
Jane Austen|Northanger Abbey|/ebooks/jane-austen/northanger-abbey
Oliver Goldsmith|She Stoops to Conquer|/ebooks/oliver-goldsmith/she-stoops-to-conquer
Oliver Goldsmith|The Vicar of Wakefield|/ebooks/oliver-goldsmith/the-vicar-of-wakefield
Mary Wollstonecraft|Letters Written During a Short Residence in Sweden, Norway, and Denmark|/ebooks/mary-wollstonecraft/letters-written-during-a-short-residence-in-sweden-norway-and-denmark
Epictetus|Short Works|/ebooks/epictetus/short-works/george-long
Hope Mirrlees|Lud-in-the-Mist|/ebooks/hope-mirrlees/lud-in-the-mist
Andre Norton|Storm Over Warlock|/ebooks/andre-norton/storm-over-warlock
Arnold Bennett|Riceyman Steps|/ebooks/arnold-bennett/riceyman-steps
Louis Hémon|Maria Chapdelaine|/ebooks/louis-hemon/maria-chapdelaine/w-h-blake
Richard F. Burton|Vikram and the Vampire|/ebooks/richard-f-burton/vikram-and-the-vampire
Johnston McCulley|The Mark of Zorro|/ebooks/johnston-mcculley/the-mark-of-zorro
L. T. Hobhouse|Liberalism|/ebooks/l-t-hobhouse/liberalism
Plato|Dialogues|/ebooks/plato/dialogues/benjamin-jowett
Henryk Sienkiewicz|Pan Michael|/ebooks/henryk-sienkiewicz/pan-michael/jeremiah-curtin
John Locke|Some Thoughts Concerning Education|/ebooks/john-locke/some-thoughts-concerning-education
Jules Verne|Michael Strogoff|/ebooks/jules-verne/michael-strogoff/w-h-g-kingston
P. G. Wodehouse|Mike|/ebooks/p-g-wodehouse/mike
Jules Verne|In Search of the Castaways|/ebooks/jules-verne/in-search-of-the-castaways/j-b-lippincott-co
Henry Adams|Democracy|/ebooks/henry-adams/democracy
Alexandre Dumas|The Vicomte de Bragelonne|/ebooks/alexandre-dumas/the-vicomte-de-bragelonne/george-routledge-and-co
P. G. Wodehouse|A Prefect’s Uncle|/ebooks/p-g-wodehouse/a-prefects-uncle
Hugh Lofting|The Voyages of Doctor Dolittle|/ebooks/hugh-lofting/the-voyages-of-doctor-dolittle
Jack London|Martin Eden|/ebooks/jack-london/martin-eden
Lord Dunsany|Fifty-One Tales|/ebooks/lord-dunsany/fifty-one-tales
Fyodor Dostoevsky|The Idiot|/ebooks/fyodor-dostoevsky/the-idiot/eva-m-martin
Voltairine de Cleyre|Short Fiction|/ebooks/voltairine-de-cleyre/short-fiction
William Beckford|Vathek|/ebooks/william-beckford/vathek/samuel-henley
C. S. Lewis|Poetry|/ebooks/c-s-lewis/poetry
H. Rider Haggard|Allan Quatermain|/ebooks/h-rider-haggard/allan-quatermain
Anne Brontë|Agnes Grey|/ebooks/anne-bronte/agnes-grey
Richard Steele|The Conscious Lovers|/ebooks/richard-steele/the-conscious-lovers
Harold Frederic|The Damnation of Theron Ware|/ebooks/harold-frederic/the-damnation-of-theron-ware
Taras Shevchenko|Poetry|/ebooks/taras-shevchenko/poetry/alexander-jardine-hunter_ethel-voynich_paul-selver_florence-randal-livesay
Apuleius|The Golden Ass|/ebooks/apuleius/the-golden-ass/william-adlington
Edgar Lee Masters|Spoon River Anthology|/ebooks/edgar-lee-masters/spoon-river-anthology
William Shakespeare|Titus Andronicus|/ebooks/william-shakespeare/titus-andronicus
Susanna Haswell Rowson|Charlotte Temple|/ebooks/susanna-haswell-rowson/charlotte-temple
Arthur Machen|The Three Impostors|/ebooks/arthur-machen/the-three-impostors
Gustave Le Bon|The Crowd|/ebooks/gustave-le-bon/the-crowd/t-fisher-unwin-ltd
Edward Gibbon|The History of the Decline and Fall of the Roman Empire|/ebooks/edward-gibbon/the-history-of-the-decline-and-fall-of-the-roman-empire
Paul Laurence Dunbar|The Sport of the Gods|/ebooks/paul-laurence-dunbar/the-sport-of-the-gods
L. M. Montgomery|Anne of Avonlea|/ebooks/l-m-montgomery/anne-of-avonlea
Jonathan Dymond|An Inquiry Into the Accordancy of War with the Principles of Christianity|/ebooks/jonathan-dymond/an-inquiry-into-the-accordancy-of-war-with-the-principles-of-christianity
William Shakespeare|Troilus and Cressida|/ebooks/william-shakespeare/troilus-and-cressida
R. M. Ballantyne|The Coral Island|/ebooks/r-m-ballantyne/the-coral-island
John Ruskin|Unto This Last|/ebooks/john-ruskin/unto-this-last
Zitkála-Šá|Old Indian Legends|/ebooks/zitkala-sa/old-indian-legends
William Shakespeare|Measure for Measure|/ebooks/william-shakespeare/measure-for-measure
Ambrose Bierce|Poetry|/ebooks/ambrose-bierce/poetry
Henry Adams|The Education of Henry Adams|/ebooks/henry-adams/the-education-of-henry-adams
J.-K. Huysmans|Against the Grain|/ebooks/j-k-huysmans/against-the-grain/groves-michaux
Anthony Trollope|Harry Heathcote of Gangoil|/ebooks/anthony-trollope/harry-heathcote-of-gangoil
Anthony Trollope|Cousin Henry|/ebooks/anthony-trollope/cousin-henry
William Shakespeare|Cymbeline|/ebooks/william-shakespeare/cymbeline
William Shakespeare|Love’s Labour’s Lost|/ebooks/william-shakespeare/loves-labours-lost
Ambrose Bierce|In the Midst of Life|/ebooks/ambrose-bierce/in-the-midst-of-life
William Shakespeare|The Two Noble Kinsmen|/ebooks/william-shakespeare_john-fletcher/the-two-noble-kinsmen
Walter de la Mare|The Return|/ebooks/walter-de-la-mare/the-return
Zitkála-Šá|American Indian Stories|/ebooks/zitkala-sa/american-indian-stories
Mary Shelley|The Last Man|/ebooks/mary-shelley/the-last-man
Edward Payson Roe|Barriers Burned Away|/ebooks/edward-payson-roe/barriers-burned-away
Hilaire Belloc|The Mercy of Allah|/ebooks/hilaire-belloc/the-mercy-of-allah
Andre Norton|The Defiant Agents|/ebooks/andre-norton/the-defiant-agents
Jack Black|You Can’t Win|/ebooks/jack-black/you-cant-win
Anthony Trollope|Can You Forgive Her?|/ebooks/anthony-trollope/can-you-forgive-her
Guy de Maupassant|Short Fiction|/ebooks/guy-de-maupassant/short-fiction/ernest-boyd_storm-jameson_jeffery-e-jeffery_lafcadio-hearn_m-walter-dunne_henry-c-olinger_albert-m-cohn-mcmaster_dora-knowlton-ranous_bigelow-brown-co-inc_francis-steegmuller
Fitz Hugh Ludlow|The Hashish Eater|/ebooks/fitz-hugh-ludlow/the-hashish-eater
M. G. Lewis|The Monk|/ebooks/m-g-lewis/the-monk
Edmond de Goncourt|Germinie Lacerteux|/ebooks/edmond-de-goncourt_jules-de-goncourt/germinie-lacerteux/john-chestershire
Freeman Wills Crofts|Inspector French’s Greatest Case|/ebooks/freeman-wills-crofts/inspector-frenchs-greatest-case
Theodore Roosevelt|An Autobiography|/ebooks/theodore-roosevelt/an-autobiography
Anthony Trollope|Phineas Finn|/ebooks/anthony-trollope/phineas-finn
Anthony Trollope|The Eustace Diamonds|/ebooks/anthony-trollope/the-eustace-diamonds
G. K. Chesterton|The Incredulity of Father Brown|/ebooks/g-k-chesterton/the-incredulity-of-father-brown
Edmund Spenser|The Faerie Queene|/ebooks/edmund-spenser/the-faerie-queene
H. C. McNeile|Bulldog Drummond|/ebooks/h-c-mcneile/bulldog-drummond
L. M. Montgomery|The Blue Castle|/ebooks/l-m-montgomery/the-blue-castle
Agatha Christie|The Big Four|/ebooks/agatha-christie/the-big-four
Baroness Orczy|Sir Percy Hits Back|/ebooks/baroness-orczy/sir-percy-hits-back
Dorothy L. Sayers|Clouds of Witness|/ebooks/dorothy-l-sayers/clouds-of-witness
Dorothy L. Sayers|Unnatural Death|/ebooks/dorothy-l-sayers/unnatural-death
Marie Belloc Lowndes|The Story of Ivy|/ebooks/marie-belloc-lowndes/the-story-of-ivy
Sinclair Lewis|Elmer Gantry|/ebooks/sinclair-lewis/elmer-gantry
Thornton Wilder|The Bridge of San Luis Rey|/ebooks/thornton-wilder/the-bridge-of-san-luis-rey
Virginia Woolf|To the Lighthouse|/ebooks/virginia-woolf/to-the-lighthouse
Walter Noble Burns|Tombstone|/ebooks/walter-noble-burns/tombstone
Willa Cather|Death Comes for the Archbishop|/ebooks/willa-cather/death-comes-for-the-archbishop
W. Somerset Maugham|Ashenden|/ebooks/w-somerset-maugham/ashenden
Andre Norton|Key Out of Time|/ebooks/andre-norton/key-out-of-time
James Hogg|The Private Memoirs and Confessions of a Justified Sinner|/ebooks/james-hogg/the-private-memoirs-and-confessions-of-a-justified-sinner
Daniel Defoe|Moll Flanders|/ebooks/daniel-defoe/moll-flanders
Beatrix Potter|Short Fiction|/ebooks/beatrix-potter/short-fiction
Anthony Trollope|Phineas Redux|/ebooks/anthony-trollope/phineas-redux
Anthony Trollope|The Prime Minister|/ebooks/anthony-trollope/the-prime-minister
James Branch Cabell|Figures of Earth|/ebooks/james-branch-cabell/figures-of-earth
Frédéric Mistral|Mirèio|/ebooks/frederic-mistral/mireio/harriet-waters-preston
John Dewey|Democracy and Education|/ebooks/john-dewey/democracy-and-education
E. Nesbit|The Story of the Treasure Seekers|/ebooks/e-nesbit/the-story-of-the-treasure-seekers
Anthony Trollope|The Duke’s Children|/ebooks/anthony-trollope/the-dukes-children
Mary Austin|The Land of Little Rain|/ebooks/mary-austin/the-land-of-little-rain
G. K. Chesterton|The Secret of Father Brown|/ebooks/g-k-chesterton/the-secret-of-father-brown
J. P. Jacobsen|Niels Lyhne|/ebooks/j-p-jacobsen/niels-lyhne/hanna-astrup-larsen
Robert Louis Stevenson|The Master of Ballantrae|/ebooks/robert-louis-stevenson/the-master-of-ballantrae
Ambrose Bierce|Can Such Things Be?|/ebooks/ambrose-bierce/can-such-things-be
Charles Dickens|Dombey and Son|/ebooks/charles-dickens/dombey-and-son
Henry James|The Portrait of a Lady|/ebooks/henry-james/the-portrait-of-a-lady
Procopius|The Secret History|/ebooks/procopius/the-secret-history/richard-atwater
J. S. Fletcher|The Talleyrand Maxim|/ebooks/j-s-fletcher/the-talleyrand-maxim
Johanna Spyri|Heidi|/ebooks/johanna-spyri/heidi/elisabeth-p-stork
W. E. B. Du Bois|Darkwater|/ebooks/w-e-b-du-bois/darkwater
Richard Jefferies|After London|/ebooks/richard-jefferies/after-london
Richard Jefferies|Amaryllis at the Fair|/ebooks/richard-jefferies/amaryllis-at-the-fair
Hilaire Belloc|The Four Men|/ebooks/hilaire-belloc/the-four-men
Frances Hodgson Burnett|A Little Princess|/ebooks/frances-hodgson-burnett/a-little-princess
George MacDonald|At the Back of the North Wind|/ebooks/george-macdonald/at-the-back-of-the-north-wind
Arthur Conan Doyle|The Casebook of Sherlock Holmes|/ebooks/arthur-conan-doyle/the-casebook-of-sherlock-holmes
Francis La Flesche|The Middle Five|/ebooks/francis-la-flesche/the-middle-five
George Sand|The Devil’s Pool|/ebooks/george-sand/the-devils-pool/jane-minot-sedgwick_ellery-sedgwick
Franklin W. Dixon|The Tower Treasure|/ebooks/franklin-w-dixon/the-tower-treasure
William Dean Howells|A Hazard of New Fortunes|/ebooks/william-dean-howells/a-hazard-of-new-fortunes
Ovid|Metamorphoses|/ebooks/ovid/metamorphoses/john-dryden_joseph-addison_laurence-eusden_arthur-maynwaring_samuel-croxall_nahum-tate_william-stonestreet_thomas-vernon_john-gay_alexander-pope_stephen-harvey_william-congreve_et-al
Captain Charles Johnson|A General History of the Pirates|/ebooks/captain-charles-johnson/a-general-history-of-the-pirates
Nathaniel Hawthorne|The Blithedale Romance|/ebooks/nathaniel-hawthorne/the-blithedale-romance
Paul Laurence Dunbar|The Uncalled|/ebooks/paul-laurence-dunbar/the-uncalled
Gaston Leroux|The Mystery of the Yellow Room|/ebooks/gaston-leroux/the-mystery-of-the-yellow-room/brentanos
H. Rider Haggard|When the World Shook|/ebooks/h-rider-haggard/when-the-world-shook
Victor Hugo|Toilers of the Sea|/ebooks/victor-hugo/toilers-of-the-sea/william-moy-thomas
Anthony Trollope|Short Fiction|/ebooks/anthony-trollope/short-fiction
A. W. Tozer|The Pursuit of God|/ebooks/a-w-tozer/the-pursuit-of-god
Karl Gjellerup|The Pilgrim Kamanita|/ebooks/karl-gjellerup/the-pilgrim-kamanita/john-e-logie
Mark Rutherford|The Revolution in Tanner’s Lane|/ebooks/mark-rutherford/the-revolution-in-tanners-lane
Georgette Heyer|The Transformation of Philip Jettan|/ebooks/georgette-heyer/the-transformation-of-philip-jettan
Edgar Saltus|The Truth About Tristrem Varick|/ebooks/edgar-saltus/the-truth-about-tristrem-varick
Samuel R. Delany|The Jewels of Aptor|/ebooks/samuel-r-delany/the-jewels-of-aptor
Rafael Sabatini|The Sea Hawk|/ebooks/rafael-sabatini/the-sea-hawk
Jack London|Before Adam|/ebooks/jack-london/before-adam
Robert Louis Stevenson|The Black Arrow|/ebooks/robert-louis-stevenson/the-black-arrow
Niccolò Machiavelli|Discourses on Livy|/ebooks/niccolo-machiavelli/discourses-on-livy/ninian-hill-thomson
John Buchan|The Three Hostages|/ebooks/john-buchan/the-three-hostages
William Craft|Running a Thousand Miles for Freedom|/ebooks/william-craft_ellen-craft/running-a-thousand-miles-for-freedom
Richard Jefferies|Greene Ferne Farm|/ebooks/richard-jefferies/greene-ferne-farm
John Buchan|Huntingtower|/ebooks/john-buchan/huntingtower
E. C. Bentley|Trent’s Last Case|/ebooks/e-c-bentley/trents-last-case
Geoffrey Chaucer|The Canterbury Tales|/ebooks/geoffrey-chaucer/the-canterbury-tales
Upton Sinclair|King Coal|/ebooks/upton-sinclair/king-coal
Edgar Rice Burroughs|Tarzan and the Jewels of Opar|/ebooks/edgar-rice-burroughs/tarzan-and-the-jewels-of-opar
Baroness Orczy|The Old Man in the Corner|/ebooks/baroness-orczy/the-old-man-in-the-corner
Earl Derr Biggers|The House Without a Key|/ebooks/earl-derr-biggers/the-house-without-a-key
Richard Jefferies|The Dewy Morn|/ebooks/richard-jefferies/the-dewy-morn
Earl Derr Biggers|The Chinese Parrot|/ebooks/earl-derr-biggers/the-chinese-parrot
Anatole France|The Revolt of the Angels|/ebooks/anatole-france/the-revolt-of-the-angels/emilie-jackson
Ameen Rihani|Poetry|/ebooks/ameen-rihani/poetry
Thomas Hardy|A Pair of Blue Eyes|/ebooks/thomas-hardy/a-pair-of-blue-eyes
Charles Dickens|The Old Curiosity Shop|/ebooks/charles-dickens/the-old-curiosity-shop
Edgar Wallace|Room 13|/ebooks/edgar-wallace/room-13
James Stephens|The Demi-Gods|/ebooks/james-stephens/the-demi-gods
Edgar Wallace|The Avenger|/ebooks/edgar-wallace/the-avenger
Edgar Allan Poe|Poetry|/ebooks/edgar-allan-poe/poetry
S. S. Van Dine|The Benson Murder Case|/ebooks/s-s-van-dine/the-benson-murder-case
Marie de France|Lais|/ebooks/marie-de-france/lais/eugene-mason
Edgar Wallace|The Man Who Knew|/ebooks/edgar-wallace/the-man-who-knew
Maurice Maeterlinck|The Blue Bird|/ebooks/maurice-maeterlinck_georgette-leblanc/the-blue-bird/alexander-teixeira-de-mattos
Robert Louis Stevenson|Prince Otto|/ebooks/robert-louis-stevenson/prince-otto
Marcel Proust|In Search of Lost Time|/ebooks/marcel-proust/in-search-of-lost-time/c-k-scott-moncrieff
Edgar Wallace|The Clue of the Twisted Candle|/ebooks/edgar-wallace/the-clue-of-the-twisted-candle
Ford Madox Ford|The Fifth Queen|/ebooks/ford-madox-ford/the-fifth-queen
Upton Sinclair|Oil!|/ebooks/upton-sinclair/oil
Edgar Wallace|The Square Emerald|/ebooks/edgar-wallace/the-square-emerald
Edgar Wallace|The Secret House|/ebooks/edgar-wallace/the-secret-house
William Shakespeare|The Winter’s Tale|/ebooks/william-shakespeare/the-winters-tale
S. S. Van Dine|The Canary Murder Case|/ebooks/s-s-van-dine/the-canary-murder-case
John Dewey|The Public and Its Problems|/ebooks/john-dewey/the-public-and-its-problems
Horatio Alger Jr.|Ragged Dick|/ebooks/horatio-alger-jr/ragged-dick
Richard Henry Dana Jr.|Two Years Before the Mast|/ebooks/richard-henry-dana-jr/two-years-before-the-mast
Edgar Wallace|The Clue of the New Pin|/ebooks/edgar-wallace/the-clue-of-the-new-pin
Elizabeth von Arnim|The Enchanted April|/ebooks/elizabeth-von-arnim/the-enchanted-april
Edgar Wallace|The Melody of Death|/ebooks/edgar-wallace/the-melody-of-death
P. G. Wodehouse|Mr. Mulliner Stories|/ebooks/p-g-wodehouse/mr-mulliner-stories
H. Rider Haggard|Cleopatra|/ebooks/h-rider-haggard/cleopatra
Edgar Wallace|The Door with Seven Locks|/ebooks/edgar-wallace/the-door-with-seven-locks
Edgar Wallace|Blue Hand|/ebooks/edgar-wallace/blue-hand
Langston Hughes|The Mule-Bone|/ebooks/langston-hughes_zora-neale-hurston/the-mule-bone
R. H. Tawney|Religion and the Rise of Capitalism|/ebooks/r-h-tawney/religion-and-the-rise-of-capitalism
Israel Zangwill|The Big Bow Mystery|/ebooks/israel-zangwill/the-big-bow-mystery
Walter Pater|Marius the Epicurean|/ebooks/walter-pater/marius-the-epicurean
Adam Mickiewicz|Pan Tadeusz|/ebooks/adam-mickiewicz/pan-tadeusz/maude-ashurst-biggs
William Makepeace Thackeray|The History of Henry Esmond|/ebooks/william-makepeace-thackeray/the-history-of-henry-esmond
Elizabeth von Arnim|Elizabeth and Her German Garden|/ebooks/elizabeth-von-arnim/elizabeth-and-her-german-garden
Edgar Wallace|The Mind of Mr. J. G. Reeder|/ebooks/edgar-wallace/the-mind-of-mr-j-g-reeder
Frederik Pohl|Short Fiction|/ebooks/frederik-pohl/short-fiction
Richard Henry Dana Jr.|To Cuba and Back|/ebooks/richard-henry-dana-jr/to-cuba-and-back
Frederik Pohl|Search the Sky|/ebooks/frederik-pohl_c-m-kornbluth/search-the-sky
P. G. Wodehouse|The Gold Bat|/ebooks/p-g-wodehouse/the-gold-bat
Edgar Wallace|Terror Keep|/ebooks/edgar-wallace/terror-keep
Elizabeth Gaskell|North and South|/ebooks/elizabeth-gaskell/north-and-south
William Dean Howells|The Rise of Silas Lapham|/ebooks/william-dean-howells/the-rise-of-silas-lapham
Honoré de Balzac|Shorts from Scenes from Private Life|/ebooks/honore-de-balzac/shorts-from-scenes-from-private-life/clara-bell_ellen-marriage
Louis Bromfield|Early Autumn|/ebooks/louis-bromfield/early-autumn
Edgar Rice Burroughs|The Moon Maid|/ebooks/edgar-rice-burroughs/the-moon-maid
Edgar Rice Burroughs|Tarzan the Untamed|/ebooks/edgar-rice-burroughs/tarzan-the-untamed
Honoré de Balzac|Letters of Two Brides|/ebooks/honore-de-balzac/letters-of-two-brides/r-s-scott
Anthony Trollope|The Claverings|/ebooks/anthony-trollope/the-claverings
James Stephens|Mary, Mary|/ebooks/james-stephens/mary-mary
Maria Edgeworth|Castle Rackrent|/ebooks/maria-edgeworth/castle-rackrent
Jules Verne|Dick Sands, the Boy Captain|/ebooks/jules-verne/dick-sands-the-boy-captain/ellen-e-frewer
Edgar Rice Burroughs|Tarzan the Terrible|/ebooks/edgar-rice-burroughs/tarzan-the-terrible
R. D. Blackmore|Lorna Doone|/ebooks/r-d-blackmore/lorna-doone
Honoré de Balzac|Modeste Mignon|/ebooks/honore-de-balzac/modeste-mignon/clara-bell
William James|Pragmatism|/ebooks/william-james/pragmatism
George Bernard Shaw|Heartbreak House|/ebooks/george-bernard-shaw/heartbreak-house
Samuel Butler|Erewhon Revisited|/ebooks/samuel-butler/erewhon-revisited
Arthur Machen|The Secret Glory|/ebooks/arthur-machen/the-secret-glory
J. M. Synge|Short Plays|/ebooks/j-m-synge/short-plays
Charles Darwin|The Voyage of the Beagle|/ebooks/charles-darwin/the-voyage-of-the-beagle
Anthony Trollope|He Knew He Was Right|/ebooks/anthony-trollope/he-knew-he-was-right
Boethius|The Consolation of Philosophy|/ebooks/boethius/the-consolation-of-philosophy/h-r-james
Lewis Carroll|Sylvie and Bruno|/ebooks/lewis-carroll/sylvie-and-bruno
Friedrich Nietzsche|The Genealogy of Morals|/ebooks/friedrich-nietzsche/the-genealogy-of-morals/horace-b-samuel
Herman Melville|Typee|/ebooks/herman-melville/typee
Margaret Oliphant|Salem Chapel|/ebooks/margaret-oliphant/salem-chapel
Margaret Oliphant|The Rector and The Doctor’s Family|/ebooks/margaret-oliphant/the-rector-and-the-doctors-family
Philip James Bailey|Festus|/ebooks/philip-james-bailey/festus
Franklin W. Dixon|The House on the Cliff|/ebooks/franklin-w-dixon/the-house-on-the-cliff
Gustave Flaubert|Salammbô|/ebooks/gustave-flaubert/salammbo/j-s-chartres
Margaret Cavendish|The Blazing World|/ebooks/margaret-cavendish/the-blazing-world
Theodore Roosevelt|Through the Brazilian Wilderness|/ebooks/theodore-roosevelt/through-the-brazilian-wilderness
William Morris|News from Nowhere|/ebooks/william-morris/news-from-nowhere
Charles Kingsley|The Water-Babies|/ebooks/charles-kingsley/the-water-babies
G. E. Moore|Principia Ethica|/ebooks/g-e-moore/principia-ethica
Margaret Oliphant|The Perpetual Curate|/ebooks/margaret-oliphant/the-perpetual-curate
Cicely Hamilton|Theodore Savage|/ebooks/cicely-hamilton/theodore-savage
P. G. Wodehouse|The Head of Kay’s|/ebooks/p-g-wodehouse/the-head-of-kays
Walter S. Masterman|The Wrong Letter|/ebooks/walter-s-masterman/the-wrong-letter
Edgar Rice Burroughs|The Mucker|/ebooks/edgar-rice-burroughs/the-mucker
Margaret Oliphant|Miss Marjoribanks|/ebooks/margaret-oliphant/miss-marjoribanks
William Morris|The House of the Wolfings|/ebooks/william-morris/the-house-of-the-wolfings
Dorothy M. Richardson|Backwater|/ebooks/dorothy-m-richardson/backwater
Thea von Harbou|Metropolis|/ebooks/thea-von-harbou/metropolis/the-readers-library
Virgil|The Eclogues|/ebooks/virgil/the-eclogues/john-dryden
Alexander Berkman|The Bolshevik Myth|/ebooks/alexander-berkman/the-bolshevik-myth
Sarah Louisa Forten Purvis|Poetry|/ebooks/sarah-louisa-forten-purvis/poetry
George du Maurier|Trilby|/ebooks/george-du-maurier/trilby
Margaret Oliphant|Phoebe, Junior|/ebooks/margaret-oliphant/phoebe-junior
Honoré de Balzac|Albert Savarus|/ebooks/honore-de-balzac/albert-savarus/ellen-marriage
Ralph Waldo Emerson|Essays|/ebooks/ralph-waldo-emerson/essays
Sylvia Townsend Warner|Lolly Willowes|/ebooks/sylvia-townsend-warner/lolly-willowes
Virgil|The Georgics|/ebooks/virgil/the-georgics/john-dryden
Mark Twain|Pudd’nhead Wilson|/ebooks/mark-twain/puddnhead-wilson
George Bernard Shaw|Short Plays|/ebooks/george-bernard-shaw/short-plays
William Dean Howells|Indian Summer|/ebooks/william-dean-howells/indian-summer
Fred M. White|The Midnight Guest|/ebooks/fred-m-white/the-midnight-guest
Agatha Christie|The Mystery of the Blue Train|/ebooks/agatha-christie/the-mystery-of-the-blue-train
Dorothy L. Sayers|Lord Peter Views the Body|/ebooks/dorothy-l-sayers/lord-peter-views-the-body
Dorothy L. Sayers|The Unpleasantness at the Bellona Club|/ebooks/dorothy-l-sayers/the-unpleasantness-at-the-bellona-club
Evelyn Waugh|Decline and Fall|/ebooks/evelyn-waugh/decline-and-fall
Virginia Woolf|Orlando|/ebooks/virginia-woolf/orlando
Walt Whitman|Leaves of Grass|/ebooks/walt-whitman/leaves-of-grass
Bertrand Russell|Roads to Freedom|/ebooks/bertrand-russell/roads-to-freedom
Oscar Wilde|Poetry|/ebooks/oscar-wilde/poetry
Edgar Wallace|The Four Just Men|/ebooks/edgar-wallace/the-four-just-men
Knut Hamsun|Hunger|/ebooks/knut-hamsun/hunger/george-egerton
Mary Seacole|Wonderful Adventures of Mrs. Seacole in Many Lands|/ebooks/mary-seacole/wonderful-adventures-of-mrs-seacole-in-many-lands
Langston Hughes|Poetry|/ebooks/langston-hughes/poetry
Frederick Rolfe|Hadrian the Seventh|/ebooks/frederick-rolfe/hadrian-the-seventh
Edgar Wallace|The Council of Justice|/ebooks/edgar-wallace/the-council-of-justice
H. P. Lovecraft|At the Mountains of Madness|/ebooks/h-p-lovecraft/at-the-mountains-of-madness
Arthur Quiller-Couch|On the Art of Writing|/ebooks/arthur-quiller-couch/on-the-art-of-writing
Fernando Pessoa|Poetry|/ebooks/fernando-pessoa/poetry
Earl Derr Biggers|Behind That Curtain|/ebooks/earl-derr-biggers/behind-that-curtain
Pindar|Victory Odes|/ebooks/pindar/victory-odes/arthur-s-way
Arthur Quiller-Couch|On the Art of Reading|/ebooks/arthur-quiller-couch/on-the-art-of-reading
James Branch Cabell|Chivalry|/ebooks/james-branch-cabell/chivalry
S. S. Van Dine|The Greene Murder Case|/ebooks/s-s-van-dine/the-greene-murder-case
Archibald Alexander|A Day at a Time|/ebooks/archibald-alexander/a-day-at-a-time
Ann Radcliffe|The Mysteries of Udolpho|/ebooks/ann-radcliffe/the-mysteries-of-udolpho
P. G. Wodehouse|The White Feather|/ebooks/p-g-wodehouse/the-white-feather
Charles W. Chesnutt|The Marrow of Tradition|/ebooks/charles-w-chesnutt/the-marrow-of-tradition
Errico Malatesta|Essays|/ebooks/errico-malatesta/essays/free-society-library_f-a-b_industrial-syndicalist-education-league_norman-matson_freedom-press
James Branch Cabell|The Cords of Vanity|/ebooks/james-branch-cabell/the-cords-of-vanity
Anthony Trollope|Orley Farm|/ebooks/anthony-trollope/orley-farm
Louisa May Alcott|Behind a Mask|/ebooks/louisa-may-alcott/behind-a-mask
Octave Mirbeau|Calvary|/ebooks/octave-mirbeau/calvary/louis-rich
Mark Rutherford|The Autobiography of Mark Rutherford|/ebooks/mark-rutherford/the-autobiography-of-mark-rutherford
Edgar Wallace|The Just Men of Cordova|/ebooks/edgar-wallace/the-just-men-of-cordova
Mary Roberts Rinehart|The Circular Staircase|/ebooks/mary-roberts-rinehart/the-circular-staircase
Mina Loy|Poetry|/ebooks/mina-loy/poetry
John Dewey|Human Nature and Conduct|/ebooks/john-dewey/human-nature-and-conduct
Frederik Pohl|Plague of Pythons|/ebooks/frederik-pohl/plague-of-pythons
